source_database,sha256,size_bytes,wind_sensor_name,sensor_match_basis,source_rows,matched_source_rows,excluded_source_rows,first_timestamp_raw,last_timestamp_raw,units_table,log_interval_table
repository/data/wind/BlueLake.s3db,fc89264d755d916d0b604e8739cdaf08013668020417e4304aceed74b8e0a3c8,5539840,BlueLake,exact_case_insensitive_filename,73182,72967,215,2008-01-01 00:01:00,2024-07-09 10:17:00,[[2]],[[1]]
repository/data/wind/FoxTrail.s3db,a1839a6eec9cc6fb74c48f36436b89f421079b98de7d5504b79e77fdd77e9140,232448,FoxTrail,exact_case_insensitive_filename,3059,2829,230,2008-01-01 00:01:00,2023-11-19 14:00:00,[[2]],[[1]]
repository/data/wind/FunStorm.s3db,8bb84132578c83c3dfa4b29f5005ca500cb08d5afde87d85ed69cfb57e6c50cb,5706752,FunStorm,exact_case_insensitive_filename,74841,74746,95,2023-12-15 14:05:00,2024-02-05 16:05:00,[[2]],[[1]]
repository/data/wind/JazzPlay.s3db,a2fe1caf9a3b5c7948edffa2f4e19c9caf65af175addfb70684fe19d4e8f5eab,3033088,JazzPlay,exact_case_insensitive_filename,40314,40241,73,2023-11-17 10:43:00,2023-12-15 12:23:00,[[2]],[[1]]
repository/data/wind/JoyHouse.s3db,b3bfd73b3af31e7600d83d2b1f652743ffce70307866d7a2e19e5a0b39492b71,13694976,JoyHouse,exact_case_insensitive_filename,180009,179655,354,2008-01-01 00:01:00,2025-07-23 12:13:00,[[2]],[[1]]
repository/data/wind/MoonTide.s3db,b8b82b1580e381f2eb6ae7641299faf5e91c5d692fe39d9b457dd653ff20a0bf,5501952,MoonTide,exact_case_insensitive_filename,72617,52478,20139,2023-12-02 16:07:00,2024-01-27 11:33:00,[[2]],[[1]]
repository/data/wind/OakTrust.s3db,1930ab9a62fd880ffaa1686ea6a1eba0fac8b960e5290ea3bdc3d573c1703a95,1928192,OakTrust,exact_case_insensitive_filename,25688,24515,1173,2008-01-01 00:01:00,2024-01-05 14:18:00,[[2]],[[1]]
repository/data/wind/PugSnore.s3db,0c9ba052360b391d98c63575a97ab72f0fff44a72b5fc23a0cec0e5b26df4d15,6554624,PugSnore,exact_case_insensitive_filename,86525,85053,1472,2008-01-01 00:01:00,2024-02-05 13:44:00,[[2]],[[1]]
repository/data/wind/StarDust.s3db,91c11d277c57984c5d847b70371750abb21af9145aa7a1676d0cf28d2ab5eb60,6581248,StarDust,exact_case_insensitive_filename,86783,79023,7760,2008-01-01 00:01:00,2024-03-14 13:21:00,[[2]],[[1]]
repository/data/wind/SunRuler.s3db,47539df202558475563fb46807be8cef56b83b9b68012dbd6311d931723f96e9,1416192,SunRuler,exact_case_insensitive_filename,18978,18922,56,2024-01-05 10:41:00,2024-01-18 15:20:00,[[2]],[[1]]
repository/data/wind/TreeTalk.s3db,5f66454d7f3a07fffb2f71f0d12566814019b46b1162b23ca915d16346a833ed,1418240,TreeTalk,exact_case_insensitive_filename,19017,18971,46,2008-01-01 00:01:00,2024-02-05 16:09:00,[[2]],[[1]]
portable/raw/WindLog_laptop/BLEA 1.s3db,73b038ce2237453559a113867f171fc8d86262b9b93866dffc55108a2f5048a9,2822144,,not_a_study_sensor_filename,37615,0,37615,2008-01-01 00:01:00,2024-03-14 15:27:00,[[2]],[[1]]
portable/raw/WindLog_laptop/BLEA 2.s3db,5a4fa10198c21c74e3ba38940a84db757232e9652b7822f8042ccd6216a28053,9713664,,not_a_study_sensor_filename,127660,0,127660,2008-01-01 00:01:00,2024-03-14 13:40:00,[[2]],[[1]]
portable/raw/WindLog_laptop/BLEA 4.s3db,d5f183df59b6d95f0a2086eb619dc6e335da7cd5eb258ede3989c1f53dd005d2,11441152,,not_a_study_sensor_filename,149104,0,149104,2008-01-01 00:01:00,2024-04-02 11:12:00,[[2]],[[1]]
portable/raw/WindLog_laptop/BLEA 5.s3db,3a7213a14d35896a561c3812f2f562c2a0df0b720309006082349443d37d8ee3,11401216,,not_a_study_sensor_filename,149093,0,149093,2023-10-05 14:17:00,2024-03-14 15:40:00,[[2]],[[1]]
portable/raw/WindLog_laptop/BarkRoar.s3db,a82a168103b03f686352272a6bedf882eb05a3f627453c7536fcd448af09301f,28672,BarkRoar,exact_case_insensitive_filename,303,0,303,2023-09-22 12:32:00,2024-09-18 16:24:00,[[2]],[[1]]
portable/raw/WindLog_laptop/BeeSwarm.s3db,aba94f2d0093a2a904bad3ef49c02f0d0441de1bfba873e78fa055cd41daec3b,19206144,,not_a_study_sensor_filename,251010,0,251010,2023-10-10 22:17:00,2024-04-09 11:30:00,[[2]],[[1]]
portable/raw/WindLog_laptop/BlueLake.s3db,fc89264d755d916d0b604e8739cdaf08013668020417e4304aceed74b8e0a3c8,5539840,BlueLake,exact_case_insensitive_filename,73182,72967,215,2008-01-01 00:01:00,2024-07-09 10:17:00,[[2]],[[1]]
portable/raw/WindLog_laptop/DiveDeep.s3db,832297b3761a984a4d466475004848a653d41b39341c296cd6e38e3abfad151e,17988608,,not_a_study_sensor_filename,235363,0,235363,2008-01-01 00:01:00,2024-04-09 11:53:00,[[2]],[[1]]
portable/raw/WindLog_laptop/DotSpace.s3db,8defc4703f9d6706d29ca20c034f19e5f838c75e90fed8b47504dbd7a5c39d17,10628096,,not_a_study_sensor_filename,138557,0,138557,2008-01-01 00:01:00,2024-04-09 11:54:00,[[2]],[[1]]
portable/raw/WindLog_laptop/DrumRoll.s3db,1a57b884ac4c5f32c47906fc2092a5473b439ece47895174c57b5249c1f9a911,11369472,,not_a_study_sensor_filename,149088,0,149088,2024-10-15 11:51:00,2025-02-11 14:25:00,[[2]],[[1]]
portable/raw/WindLog_laptop/DrumRoll2min.s3db,ef3ff0ca37fae0cde94c5a2e0214c64202a74aa481c5d54f85ec9c3fb310201b,1436672,,not_a_study_sensor_filename,19247,0,19247,2024-09-18 17:40:00,2024-10-15 11:50:00,[[2]],[[2]]
portable/raw/WindLog_laptop/FireSong.s3db,7f587e47a4313029203518fa56b932c3f849c01724932c8923b513d7a061cd04,5693440,,not_a_study_sensor_filename,74771,0,74771,2023-10-10 21:51:00,2024-01-02 11:21:00,[[2]],[[1]]
portable/raw/WindLog_laptop/FoxTrail.s3db,a1839a6eec9cc6fb74c48f36436b89f421079b98de7d5504b79e77fdd77e9140,232448,FoxTrail,exact_case_insensitive_filename,3059,2829,230,2008-01-01 00:01:00,2023-11-19 14:00:00,[[2]],[[1]]
portable/raw/WindLog_laptop/FunStorm.s3db,8bb84132578c83c3dfa4b29f5005ca500cb08d5afde87d85ed69cfb57e6c50cb,5706752,FunStorm,exact_case_insensitive_filename,74841,74746,95,2023-12-15 14:05:00,2024-02-05 16:05:00,[[2]],[[1]]
portable/raw/WindLog_laptop/GemShine.s3db,720776a990ace2631e78c00e93460e894b814fa32cdf450fd1a470a4fde6fbb1,10143744,,not_a_study_sensor_filename,133703,0,133703,2024-10-14 13:25:00,2025-01-15 12:00:00,[[2]],[[1]]
portable/raw/WindLog_laptop/GlowWire.s3db,fd0a3bed097a9d9430f63af77ebb7b546c99f0bdc48bcb5683919881e9349885,26078208,,not_a_study_sensor_filename,341689,0,341689,20024-03-04 00:22:00,2025-01-15 12:54:00,[[2]],[[1]]
portable/raw/WindLog_laptop/HeatSync.s3db,2f4dbb805f0b3c178b6dfb1074982289d9ecb2b6a3851239ffda290054eaf1ab,10202112,,not_a_study_sensor_filename,133634,0,133634,2008-01-01 00:01:00,2025-01-15 10:56:00,[[2]],[[1]]
portable/raw/WindLog_laptop/HushWave.s3db,20072b4a7b49f7fb7664f6d4a462c77e9c8c2ce37320bdb310f2da502c17614b,10240,,not_a_study_sensor_filename,45,0,45,2023-09-22 13:17:00,2023-09-22 14:22:00,[[2]],[[1]]
portable/raw/WindLog_laptop/JazzPlay.s3db,a2fe1caf9a3b5c7948edffa2f4e19c9caf65af175addfb70684fe19d4e8f5eab,3033088,JazzPlay,exact_case_insensitive_filename,40314,40241,73,2023-11-17 10:43:00,2023-12-15 12:23:00,[[2]],[[1]]
portable/raw/WindLog_laptop/JoyHouse.s3db,d738af2c1130fd89f29dd2d50f736676a798c7abe63b9ab10ca4f3d43c3ccf3c,2320384,JoyHouse,exact_case_insensitive_filename,30928,30646,282,2008-01-01 00:01:00,2024-01-18 15:07:00,[[2]],[[1]]
portable/raw/WindLog_laptop/LeafWind.s3db,557e2be8f5b0a153fd4b956b64549f51af036310c55da1da8d9905e112bcc42e,18849792,LeafWind,exact_case_insensitive_filename,248883,0,248883,2008-01-01 00:01:00,2024-10-14 13:43:00,[[2]],[[1]]
portable/raw/WindLog_laptop/LightRay.s3db,1db8046391ef7b9c9544059eb3278446c93738955d9b683a8295c65672153d6b,28302336,,not_a_study_sensor_filename,370563,0,370563,2008-01-01 00:01:00,2025-02-11 13:56:00,[[2]],[[1]]
portable/raw/WindLog_laptop/LlamaLog.s3db,fc6c4e057d344de54b834d23fc358ab12f1122bdaed7a1eddc9812307622954e,11457536,,not_a_study_sensor_filename,149310,0,149310,2024-10-14 13:29:00,2025-02-24 15:38:00,[[2]],[[1]]
portable/raw/WindLog_laptop/MintCool.s3db,36f6cdacdf7055d85a28282e5f2e7dbfa522e4588e0501838ab9a6d62a07482b,10173440,,not_a_study_sensor_filename,133825,0,133825,2008-01-01 00:01:00,2025-01-15 14:04:00,[[2]],[[1]]
portable/raw/WindLog_laptop/MoonTide.s3db,b8b82b1580e381f2eb6ae7641299faf5e91c5d692fe39d9b457dd653ff20a0bf,5501952,MoonTide,exact_case_insensitive_filename,72617,52478,20139,2023-12-02 16:07:00,2024-01-27 11:33:00,[[2]],[[1]]
portable/raw/WindLog_laptop/MudTrack.s3db,ad293ffb4bdee2c682b9e515c8cf6057b41153cbbfdd778ec7f8e29c9a1caba0,10105856,,not_a_study_sensor_filename,132433,0,132433,2024-10-15 12:12:00,2025-01-15 13:36:00,[[2]],[[1]]
portable/raw/WindLog_laptop/MudTrack2min.s3db,01ff9343577cc897bf25878010a69df91adce73cce6e8d162851ddc939787481,1444864,,not_a_study_sensor_filename,19357,0,19357,2008-01-01 00:02:00,2024-11-04 13:20:00,[[2]],[[2]]
portable/raw/WindLog_laptop/OC NW.s3db,c5c2452db93c321562d807af8757b8c106a356a0322d0fb4e5ca784c45dba50a,6227968,,not_a_study_sensor_filename,81476,0,81476,2008-01-01 00:05:00,2024-07-09 13:30:00,[[2]],[[5]]
portable/raw/WindLog_laptop/OC SW CatFable.s3db,9df51292f96aae86d840c563f46b23166e8da3e2833e0fa28e7bd4c6d23faee7,2111488,CatFable,explicit_filename_alias,28034,0,28034,2008-01-01 00:05:00,2023-11-27 14:10:00,[[2]],[[5]]
portable/raw/WindLog_laptop/OakTrust.s3db,1930ab9a62fd880ffaa1686ea6a1eba0fac8b960e5290ea3bdc3d573c1703a95,1928192,OakTrust,exact_case_insensitive_filename,25688,24515,1173,2008-01-01 00:01:00,2024-01-05 14:18:00,[[2]],[[1]]
portable/raw/WindLog_laptop/PugSnore.s3db,0c9ba052360b391d98c63575a97ab72f0fff44a72b5fc23a0cec0e5b26df4d15,6554624,PugSnore,exact_case_insensitive_filename,86525,85053,1472,2008-01-01 00:01:00,2024-02-05 13:44:00,[[2]],[[1]]
portable/raw/WindLog_laptop/PureWave.s3db,4a49d5641d70a7fa1628c6eb3ee0716e9d2d9516a541ff674755d3b94b64e32b,26398720,,not_a_study_sensor_filename,345082,0,345082,2008-01-01 00:01:00,2025-01-15 11:49:00,[[2]],[[1]]
portable/raw/WindLog_laptop/RockWall.s3db,486cc13ffd5d7c6de984e4579176f70e778f87407154bc22696368a8450040fa,5901312,RockWall,exact_case_insensitive_filename,77696,76314,1382,2024-10-30 13:48:00,2025-01-14 22:01:00,[[2]],[[1]]
portable/raw/WindLog_laptop/RoseKiss.s3db,25c974fdf5241e7676be531ccf3ad3038f741a2be49432c4707cfa7e1d237cae,18026496,,not_a_study_sensor_filename,234990,0,234990,2008-01-01 00:01:00,2024-04-09 11:37:00,[[2]],[[1]]
portable/raw/WindLog_laptop/SandDune.s3db,16b399702604219fdba0bdfe12bf5d735af1afa03e15e66f4ad013ecd0b97335,2728960,,not_a_study_sensor_filename,36324,0,36324,2024-01-05 18:08:00,2024-04-09 11:45:00,[[2]],[[1]]
portable/raw/WindLog_laptop/SkiSlope.s3db,2a3beca7bfd827e840145b1b7be126cfc50c8f1bd24b3c927c1efa12883d994e,6144,,not_a_study_sensor_filename,2,0,2,2023-10-20 14:44:00,2023-10-20 14:45:00,[[2]],[[1]]
portable/raw/WindLog_laptop/StarDust.s3db,91c11d277c57984c5d847b70371750abb21af9145aa7a1676d0cf28d2ab5eb60,6581248,StarDust,exact_case_insensitive_filename,86783,79023,7760,2008-01-01 00:01:00,2024-03-14 13:21:00,[[2]],[[1]]
portable/raw/WindLog_laptop/SunRuler.s3db,47539df202558475563fb46807be8cef56b83b9b68012dbd6311d931723f96e9,1416192,SunRuler,exact_case_insensitive_filename,18978,18922,56,2024-01-05 10:41:00,2024-01-18 15:20:00,[[2]],[[1]]
portable/raw/WindLog_laptop/TechCore.s3db,500e9ff8c2f6857454421d50f5f413a5ce1debd38260661bedcb100d8fb9a722,17904640,,not_a_study_sensor_filename,235127,0,235127,2023-10-10 21:35:00,2024-04-09 15:55:00,[[2]],[[1]]
portable/raw/WindLog_laptop/TopScore.s3db,19ff9eb215fd49913f865a23ee0c631de27a8567ace78d9f94a025dcbb44fc1a,10224640,,not_a_study_sensor_filename,133747,0,133747,2008-01-01 00:01:00,2025-01-15 12:48:00,[[2]],[[1]]
portable/raw/WindLog_laptop/TreeTalk.s3db,5f66454d7f3a07fffb2f71f0d12566814019b46b1162b23ca915d16346a833ed,1418240,TreeTalk,exact_case_insensitive_filename,19017,18971,46,2008-01-01 00:01:00,2024-02-05 16:09:00,[[2]],[[1]]
portable/raw/WindLog_laptop/VoltRush.s3db,c3e61d1e7707bca8401ceb2626852f8f48d4137aade8657d23c8818ecfa89fdd,10160128,,not_a_study_sensor_filename,133654,0,133654,2024-10-14 13:06:00,2025-01-15 10:19:00,[[2]],[[1]]
portable/raw/WindLog_laptop/WindFury.s3db,10da65c9a025816e80e6c3f7500bbcd407e74292e0db238e7fea562b8758248e,18159616,,not_a_study_sensor_filename,238716,0,238716,2008-01-01 00:01:00,2024-04-09 12:00:00,[[2]],[[1]]
portable/raw/WindLog_laptop/WingSpan.s3db,545d17e2fd1135a32b3402d2dfd2ea8ea935a2381c6bbc04d2ff206943f5b3d0,17864704,,not_a_study_sensor_filename,233353,0,233353,2008-01-01 00:01:00,2024-04-09 11:44:00,[[2]],[[1]]
portable/raw/WindLog_laptop/WoolCoat.s3db,bfde31f40a307adccdf6a2ef0ce0d1d324552a549f99bcfe4f42f58623d3865b,14336,,not_a_study_sensor_filename,113,0,113,2008-01-01 00:01:00,2023-09-22 13:10:00,[[2]],[[1]]
portable/raw/WindLog_laptop/ZenGlobe.s3db,4021d3dcb86d85ad0ded22fd69dcea41fbea2d6e05ada1ec607816bade4d3c63,4307968,,not_a_study_sensor_filename,56142,0,56142,2023-08-30 15:40:00,2023-11-04 17:12:00,[[2]],[[1]]
portable/raw/WindLog_laptop/ZipTango.s3db,ce096e471c1e16bdd4b0798891ea523d1e13ad331a3eea1d14b2c7c141bb889c,11264,,not_a_study_sensor_filename,75,0,75,2023-08-30 16:10:00,2023-09-22 13:04:00,[[2]],[[1]]
portable/raw/WindLog_laptop/default.s3db,6ca9989f83cdc259fc572f8410cc23bd1d8f83e0fa83fe14951970d2caf29695,10240,,not_a_study_sensor_filename,49,0,49,2023-12-02 14:15:00,2024-11-26 21:15:00,[[0]],[[15]]
portable/raw/updated_wind/BeeSwarm.s3db,aba94f2d0093a2a904bad3ef49c02f0d0441de1bfba873e78fa055cd41daec3b,19206144,,not_a_study_sensor_filename,251010,0,251010,2023-10-10 22:17:00,2024-04-09 11:30:00,[[2]],[[1]]
portable/raw/updated_wind/BlueLake.s3db,fc89264d755d916d0b604e8739cdaf08013668020417e4304aceed74b8e0a3c8,5539840,BlueLake,exact_case_insensitive_filename,73182,72967,215,2008-01-01 00:01:00,2024-07-09 10:17:00,[[2]],[[1]]
portable/raw/updated_wind/DiveDeep.s3db,832297b3761a984a4d466475004848a653d41b39341c296cd6e38e3abfad151e,17988608,,not_a_study_sensor_filename,235363,0,235363,2008-01-01 00:01:00,2024-04-09 11:53:00,[[2]],[[1]]
portable/raw/updated_wind/DotSpace.s3db,8defc4703f9d6706d29ca20c034f19e5f838c75e90fed8b47504dbd7a5c39d17,10628096,,not_a_study_sensor_filename,138557,0,138557,2008-01-01 00:01:00,2024-04-09 11:54:00,[[2]],[[1]]
portable/raw/updated_wind/DrumRoll.s3db,ee131fc45d98eb65d254d381a468ac55c74b685716ece23314a6de1352ffb6c3,15195136,,not_a_study_sensor_filename,199605,0,199605,2024-10-15 11:51:00,2025-03-18 18:07:00,[[2]],[[1]]
portable/raw/updated_wind/FireSong.s3db,7f587e47a4313029203518fa56b932c3f849c01724932c8923b513d7a061cd04,5693440,,not_a_study_sensor_filename,74771,0,74771,2023-10-10 21:51:00,2024-01-02 11:21:00,[[2]],[[1]]
portable/raw/updated_wind/FunStorm.s3db,8bb84132578c83c3dfa4b29f5005ca500cb08d5afde87d85ed69cfb57e6c50cb,5706752,FunStorm,exact_case_insensitive_filename,74841,74746,95,2023-12-15 14:05:00,2024-02-05 16:05:00,[[2]],[[1]]
portable/raw/updated_wind/GemShine.s3db,3e105282e128c971c2008b6ee2deaca9c996f712cee54cdfa61ff0e0071b220d,17025024,,not_a_study_sensor_filename,223195,0,223195,2024-10-14 13:25:00,2025-03-18 17:56:00,[[2]],[[1]]
portable/raw/updated_wind/GlowWire.s3db,7e1c7ea983d4bd5f8975dbad981aaec5c68edcf3b5d27528ec8d7b2227e5bf34,32862208,,not_a_study_sensor_filename,431133,0,431133,20024-03-04 00:22:00,2025-03-18 18:02:00,[[2]],[[1]]
portable/raw/updated_wind/HeatSync.s3db,a3be9bcbb6682e5f884f555384dc48f9b37aaf2edb01b716b2e5676b0804354c,17104896,,not_a_study_sensor_filename,223148,0,223148,2008-01-01 00:01:00,2025-03-18 17:41:00,[[2]],[[1]]
portable/raw/updated_wind/JazzPlay.s3db,a2fe1caf9a3b5c7948edffa2f4e19c9caf65af175addfb70684fe19d4e8f5eab,3033088,JazzPlay,exact_case_insensitive_filename,40314,40241,73,2023-11-17 10:43:00,2023-12-15 12:23:00,[[2]],[[1]]
portable/raw/updated_wind/JoyHouse.s3db,d738af2c1130fd89f29dd2d50f736676a798c7abe63b9ab10ca4f3d43c3ccf3c,2320384,JoyHouse,exact_case_insensitive_filename,30928,30646,282,2008-01-01 00:01:00,2024-01-18 15:07:00,[[2]],[[1]]
portable/raw/updated_wind/LeafWind.s3db,557e2be8f5b0a153fd4b956b64549f51af036310c55da1da8d9905e112bcc42e,18849792,LeafWind,exact_case_insensitive_filename,248883,0,248883,2008-01-01 00:01:00,2024-10-14 13:43:00,[[2]],[[1]]
portable/raw/updated_wind/LightRay.s3db,06602d8faf027b649441415f24b5cfac5216513d312b526926f03871b3b4d23a,35158016,,not_a_study_sensor_filename,461349,0,461349,2008-01-01 00:01:00,2025-03-19 20:10:00,[[2]],[[1]]
portable/raw/updated_wind/LlamaLog.s3db,0198321fb7c7493c212a2019308bf3c4199c5ea738bad2a18d11612a2ec86a84,15333376,,not_a_study_sensor_filename,199556,0,199556,2024-10-14 13:29:00,2025-03-18 17:46:00,[[2]],[[1]]
portable/raw/updated_wind/MintCool.s3db,1f3b7f2e4c79027aabfaef62645ec1fc2f874ae8fb9e6922ea3084119a74f9fd,17102848,,not_a_study_sensor_filename,224766,0,224766,2008-01-01 00:01:00,2025-03-19 20:10:00,[[2]],[[1]]
portable/raw/updated_wind/MoonTide.s3db,b8b82b1580e381f2eb6ae7641299faf5e91c5d692fe39d9b457dd653ff20a0bf,5501952,MoonTide,exact_case_insensitive_filename,72617,52478,20139,2023-12-02 16:07:00,2024-01-27 11:33:00,[[2]],[[1]]
portable/raw/updated_wind/MudTrack.s3db,848b47923ca14af9d51e3a0b691b2ed1b1443e191ba388561955607cf519b884,16926720,,not_a_study_sensor_filename,221822,0,221822,2024-10-15 12:12:00,2025-03-18 17:49:00,[[2]],[[1]]
portable/raw/updated_wind/OakTrust.s3db,1930ab9a62fd880ffaa1686ea6a1eba0fac8b960e5290ea3bdc3d573c1703a95,1928192,OakTrust,exact_case_insensitive_filename,25688,24515,1173,2008-01-01 00:01:00,2024-01-05 14:18:00,[[2]],[[1]]
portable/raw/updated_wind/PugSnore.s3db,0c9ba052360b391d98c63575a97ab72f0fff44a72b5fc23a0cec0e5b26df4d15,6554624,PugSnore,exact_case_insensitive_filename,86525,85053,1472,2008-01-01 00:01:00,2024-02-05 13:44:00,[[2]],[[1]]
portable/raw/updated_wind/PureWave.s3db,1373b11eb203404b8aa94c35f3fecd0ab202da3a6b5fc5d9c132cf592ed1e615,33267712,,not_a_study_sensor_filename,434613,0,434613,2008-01-01 00:01:00,2025-03-18 18:03:00,[[2]],[[1]]
portable/raw/updated_wind/RockWall.s3db,486cc13ffd5d7c6de984e4579176f70e778f87407154bc22696368a8450040fa,5901312,RockWall,exact_case_insensitive_filename,77696,76314,1382,2024-10-30 13:48:00,2025-01-14 22:01:00,[[2]],[[1]]
portable/raw/updated_wind/RoseKiss.s3db,25c974fdf5241e7676be531ccf3ad3038f741a2be49432c4707cfa7e1d237cae,18026496,,not_a_study_sensor_filename,234990,0,234990,2008-01-01 00:01:00,2024-04-09 11:37:00,[[2]],[[1]]
portable/raw/updated_wind/SandDune.s3db,16b399702604219fdba0bdfe12bf5d735af1afa03e15e66f4ad013ecd0b97335,2728960,,not_a_study_sensor_filename,36324,0,36324,2024-01-05 18:08:00,2024-04-09 11:45:00,[[2]],[[1]]
portable/raw/updated_wind/StarDust.s3db,91c11d277c57984c5d847b70371750abb21af9145aa7a1676d0cf28d2ab5eb60,6581248,StarDust,exact_case_insensitive_filename,86783,79023,7760,2008-01-01 00:01:00,2024-03-14 13:21:00,[[2]],[[1]]
portable/raw/updated_wind/SunRuler.s3db,47539df202558475563fb46807be8cef56b83b9b68012dbd6311d931723f96e9,1416192,SunRuler,exact_case_insensitive_filename,18978,18922,56,2024-01-05 10:41:00,2024-01-18 15:20:00,[[2]],[[1]]
portable/raw/updated_wind/TechCore.s3db,500e9ff8c2f6857454421d50f5f413a5ce1debd38260661bedcb100d8fb9a722,17904640,,not_a_study_sensor_filename,235127,0,235127,2023-10-10 21:35:00,2024-04-09 15:55:00,[[2]],[[1]]
portable/raw/updated_wind/TopScore.s3db,54dcef727f6d152488bf305904ab5830bcede3413d1243d01e74538c7a96102f,17119232,,not_a_study_sensor_filename,223173,0,223173,2008-01-01 00:01:00,2025-03-18 17:41:00,[[2]],[[1]]
portable/raw/updated_wind/TreeTalk.s3db,5f66454d7f3a07fffb2f71f0d12566814019b46b1162b23ca915d16346a833ed,1418240,TreeTalk,exact_case_insensitive_filename,19017,18971,46,2008-01-01 00:01:00,2024-02-05 16:09:00,[[2]],[[1]]
portable/raw/updated_wind/VoltRush.s3db,8c21315fefb1bc900389ca4fd5b02d5b3a03bda920f14935af12e407d36ae705,16936960,,not_a_study_sensor_filename,222382,0,222382,2024-10-14 13:06:00,2025-03-18 17:54:00,[[2]],[[1]]
portable/raw/updated_wind/WindFury.s3db,10da65c9a025816e80e6c3f7500bbcd407e74292e0db238e7fea562b8758248e,18159616,,not_a_study_sensor_filename,238716,0,238716,2008-01-01 00:01:00,2024-04-09 12:00:00,[[2]],[[1]]
portable/raw/updated_wind/WingSpan.s3db,545d17e2fd1135a32b3402d2dfd2ea8ea935a2381c6bbc04d2ff206943f5b3d0,17864704,,not_a_study_sensor_filename,233353,0,233353,2008-01-01 00:01:00,2024-04-09 11:44:00,[[2]],[[1]]
portable/raw/updated_wind/ZenGlobe.s3db,4021d3dcb86d85ad0ded22fd69dcea41fbea2d6e05ada1ec607816bade4d3c63,4307968,,not_a_study_sensor_filename,56142,0,56142,2023-08-30 15:40:00,2023-11-04 17:12:00,[[2]],[[1]]
