temperature_c,butterflies_in_direct_sun,wind_effect_per_1_ms,standard_error,denominator_df,t_value,p_value,conf_low,conf_high,temperature_label
10,0,-0.03949519232779761,0.05299308267635455,1771,-0.7452895799439936,0.4561955752289941,-0.14343075825119334,0.06444037359559808,10 °C
10,0.3407821229050279,-0.04830661560782597,0.0525990009856161,1771,-0.9183941653385405,0.35853760224605813,-0.15146926737944266,0.054856036163790714,10 °C
10,0.6815642458100558,-0.057118038887854335,0.05229832176112038,1771,-1.0921581604233623,0.27491213760190136,-0.15969096717517722,0.04545488939946852,10 °C
10,1.0223463687150838,-0.06592946216788269,0.05209266238711026,1771,-1.2656189786950913,0.20581600223824342,-0.16809902982121983,0.03624010548545442,10 °C
10,1.3631284916201116,-0.07474088544791106,0.05198315064834149,1771,-1.4377906016801938,0.15067014300684275,-0.17669566724676788,0.027213896350945732,10 °C
10,1.7039106145251395,-0.0835523087279394,0.05197039435372622,1771,-1.6076904893054518,0.10808123203126105,-0.18548207155011165,0.018377454094232817,10 °C
10,2.0446927374301676,-0.09236373200796777,0.05205446463501871,1771,-1.7743671490155277,0.07617420520157595,-0.1944583822422734,0.009730918226337829,10 °C
10,2.3854748603351954,-0.10117515528799617,0.052234893977091114,1771,-1.9369265941722598,0.05291318495406173,-0.20362368238377843,0.0012733718077860695,10 °C
10,2.7262569832402233,-0.10998657856802455,0.05251068910574704,1771,-2.0945559930956428,0.03635226566182348,-0.21297602386158057,-0.006997133274468534,10 °C
10,3.067039106145251,-0.11879800184805289,0.05288035791412381,1771,-2.2465430744810284,0.024792011017161334,-0.22251248019993314,-0.015083523496172646,10 °C
10,3.407821229050279,-0.12760942512808116,0.05334194875606054,1771,-2.3922902725518176,0.016847288444978823,-0.2322292236266446,-0.02298962662951773,10 °C
10,3.748603351955307,-0.13642084840810953,0.053893099764863055,1771,-2.531323100792441,0.011449200956647334,-0.2421216218021889,-0.03072007501403018,10 °C
10,4.089385474860335,-0.14523227168813796,0.05453109542856914,1771,-2.663292760703464,0.007808119225375415,-0.25218434878102164,-0.03828019459525431,10 °C
10,4.4301675977653625,-0.15404369496816628,0.0552529274900153,1771,-2.7879734516511068,0.005360557848650743,-0.2624115044551485,-0.04567588548118408,10 °C
10,4.770949720670391,-0.1628551182481947,0.05605535732645902,1771,-2.9052551979955803,0.0037150752377530833,-0.2727967368995532,-0.052913499596836236,10 °C
10,5.111731843575418,-0.17166654152822297,0.056934977254584504,1771,-3.0151332240042317,0.002605177708758376,-0.2833333626099736,-0.05999972044647235,10 °C
10,5.4525139664804465,-0.18047796480825146,0.05788826864025257,1771,-3.1176949846234683,0.0018520193703108231,-0.29401448047381085,-0.0669414491426921,10 °C
10,5.793296089385475,-0.18928938808827978,0.05891165520128407,1771,-3.2131059200684944,0.0013366833788253467,-0.3048330763131111,-0.0737456998634485,10 °C
10,6.134078212290502,-0.19810081136830815,0.06000155041452557,1771,-3.3015948754609283,9.804886441573712e-4,-0.31578211586425325,-0.08041950687236307,10 °C
10,6.4748603351955305,-0.20691223464833652,0.061154398426782615,1771,-3.3834399482493995,7.314400376168487e-4,-0.3268546250167414,-0.08696984427993167,10 °C
10,6.815642458100558,-0.2157236579283648,0.06236670829007589,1771,-3.458955327977312,5.551138262026425e-4,-0.3380437569589631,-0.09340355889776651,10 °C
10,7.156424581005586,-0.22453508120839327,0.06363508167779872,1771,-3.528479500431443,4.286196410075498e-4,-0.34934284653801156,-0.09972731587877501,10 °C
10,7.497206703910614,-0.23334650448842154,0.06495623448556531,1771,-3.592365018330553,3.3663859216168725e-4,-0.360745452625523,-0.10594755635132011,10 °C
10,7.837988826815642,-0.24215792776845002,0.0663270128842715,1771,-3.650969902579079,2.688366279777115e-4,-0.37224538960261677,-0.11207046593428327,10 °C
10,8.17877094972067,-0.2509693510484783,0.06774440448450213,1771,-3.7046506343692562,2.181780698184476e-4,-0.3838367492566951,-0.11810195284026151,10 °C
10,8.519553072625698,-0.25978077432850677,0.06920554530507132,1771,-3.7537566272087486,1.7982437469344075e-4,-0.39551391444887307,-0.1240476342081405,10 °C
10,8.860335195530725,-0.26859219760853503,0.07070772322870872,1771,-3.798626024766151,1.5041230110533277e-4,-0.40727156589163005,-0.12991282932544007,10 °C
10,9.201117318435754,-0.2774036208885634,0.07224837858807631,1771,-3.83958264960074,1.2757811468772318e-4,-0.4191046832981681,-0.13570255847895876,10 °C
10,9.541899441340782,-0.2862150441685918,0.07382510246675773,1771,-3.876933923626721,1.096417830061562e-4,-0.43100854205013417,-0.14142154628704945,10 °C
10,9.882681564245809,-0.29502646744862016,0.07543563323159347,1771,-3.9109695883756306,9.539568402557666e-5,-0.442978706396474,-0.14707422850076632,10 °C
10,10.223463687150836,-0.3038378907286484,0.07707785174146099,1771,-3.9419610674646086,8.396200232960719e-5,-0.4550110200563917,-0.15266476140090515,10 °C
10,10.564245810055866,-0.3126493140086768,0.07874977560798974,1771,-3.970161331824243,7.469559086185768e-5,-0.46710159496286496,-0.15819703305448862,10 °C
10,10.905027932960893,-0.32146073728870517,0.08044955281878055,1771,-3.9958051477653678,6.711716672966472e-5,-0.47924679875583687,-0.1636746758215735,10 °C
10,11.24581005586592,-0.33027216056873365,0.08217545497517939,1771,-4.01910960722384,6.086691841847809e-5,-0.4914432415194321,-0.16910107961803525,10 °C
10,11.58659217877095,-0.3390835838487618,0.0839258703453032,1771,-4.0402748574860405,5.56719702600828e-5,-0.5036877621568254,-0.1744794055406982,10 °C
10,11.927374301675977,-0.3478950071287903,0.08569929688893896,1771,-4.059484963798956,5.132334082456258e-5,-0.5159774147099473,-0.17981259954763332,10 °C
10,12.268156424581004,-0.35670643040881855,0.08749433537380175,1771,-4.076908852268697,4.7659466233809466e-5,-0.528309454858368,-0.18510340595926916,10 °C
10,12.608938547486032,-0.3655178536888468,0.08930968267187506,1771,-4.092701292330913,4.455430529723351e-5,-0.5406813267713826,-0.1903543806063111,10 °C
10,12.949720670391061,-0.3743292769688753,0.0911441252994492,1771,-4.107003887952584,4.1908672019936795e-5,-0.5530906504380589,-0.19556790349969172,10 °C
10,13.290502793296088,-0.3831407002489038,0.09299653324428445,1771,-4.119946054789645,3.964386222053915e-5,-0.5655352095604255,-0.20074619093738216,10 °C
10,13.631284916201116,-0.39195212352893183,0.09486585410732279,1771,-4.131645967004229,3.769692552901674e-5,-0.5780129400635845,-0.20589130699427916,10 °C
10,13.972067039106145,-0.4007635468089604,0.09675110757387408,1771,-4.1422114625712,3.6017127867967385e-5,-0.5905219192520277,-0.21100517436589328,10 °C
10,14.312849162011172,-0.4095749700889888,0.09865138021960858,1771,-4.151740899896493,3.456328268030592e-5,-0.6030603556226021,-0.21608958455537555,10 °C
10,14.6536312849162,-0.4183863933690173,0.10056582064945901,1771,-4.160323961630874,3.330172141332098e-5,-0.6156265793304214,-0.22114620740761315,10 °C
10,14.994413407821227,-0.4271978166490453,0.10249363496221348,1771,-4.168042403867725,3.220473820564631e-5,-0.6282190332935496,-0.2261766000045411,10 °C
10,15.335195530726256,-0.43600923992907403,0.10443408252978865,1771,-4.17497075061398,3.12493891035593e-5,-0.6408362649148732,-0.23118221494327487,10 °C
10,15.675977653631284,-0.4448206632091023,0.10638647207757614,1771,-4.181176934645814,3.0416558349750276e-5,-0.6534769183944641,-0.23616440802374053,10 °C
10,16.01675977653631,-0.45363208648913056,0.10835015805060012,1771,-4.186722886710344,2.969022734002765e-5,-0.6661397276025118,-0.24112444537574937,10 °C
10,16.35754189944134,-0.4624435097691588,0.1103245372492905,1771,-4.191665075596162,2.9056898465536136e-5,-0.6788235094810489,-0.2460635100572689,10 °C
10,16.698324022346366,-0.4712549330491871,0.11230904571829063,1771,-4.196055001938625,2.850513813366316e-5,-0.69152715794195585,-0.2509827081564183,10 °C
10,17.039106145251395,-0.4800663563292158,0.11430315587173893,1771,-4.199939648804662,2.802521209771258e-5,-0.7042496382287647,-0.25588307442966685,10 °C
10,17.379888268156424,-0.48887777960924406,0.11630637383878821,1771,-4.203361892159716,2.7608792738265416e-5,-0.7169899817104117,-0.2607655775080764,10 °C
10,17.72067039106145,-0.4976892028892723,0.11831823701365637,1771,-4.206360874290484,2.724872277224962e-5,-0.7297472810761441,-0.2656311247024007,10 °C
10,18.06145251396648,-0.5065006261693008,0.12033831179518244,1771,-4.2089723431667565,2.693882347642865e-5,-0.7425206859020993,-0.2704805664365023,10 °C
10,18.40223463687151,-0.5153120494493291,0.12236619150162452,1771,-4.211228960594789,2.667373822689844e-5,-0.7553093985615897,-0.2753147003370684,10 °C
10,18.743016759776534,-0.5241234727293573,0.124401494447265,1771,-4.213160581857305,2.644880421045647e-5,-0.7681126704527405,-0.2801342750059743,10 °C
10,19.083798882681563,-0.5329348960093858,0.12644386216822265,1771,-4.214794509363863,2.6259946727474228e-5,-0.780929798518766,-0.28493999350000576,10 °C
10,19.424581005586592,-0.5417463192894143,0.1284929577857207,1771,-4.216155722657184,2.6103591703415567e-5,-0.7937601220378409,-0.2897325165409878,10 °C
10,19.765363128491618,-0.5505577425694426,0.13054846449588167,1771,-4.2172670869431075,2.5976592948312388e-5,-0.806603019661128,-0.2945124654777572,10 °C
10,20.106145251396647,-0.559369165849471,0.13261008417592113,1771,-4.218149542137454,2.5876171417655018e-5,-0.8194579066791006,-0.29928042501984164,10 °C
10,20.446927374301673,-0.5681805891294991,0.1346775360973768,1771,-4.218822274255773,2.5799864284104068e-5,-0.8323242324977911,-0.3040369457612071,10 °C
10,20.787709497206702,-0.5769920124095276,0.1367505557377319,1771,-4.2193028708133085,2.574548206446913e-5,-0.8452014783080262,-0.30878254651102904,10 °C
10,21.12849162011173,-0.5858034356895561,0.13882889368247434,1771,-4.219607461753529,2.571107238856021e-5,-0.8580891549320266,-0.31351771644708554,10 °C
10,21.469273743016757,-0.5946148589695843,0.14091231461027082,1771,-4.219750847285026,2.5694889266883612e-5,-0.8709868008330272,-0.31824291710614155,10 °C
10,21.810055865921786,-0.603426282249613,0.14300059635452939,1771,-4.21974661387837,2.569536692883007e-5,-0.8838939802747154,-0.3229585842245108,10 °C
10,22.150837988826815,-0.6122377055296413,0.1450935290351747,1771,-4.219607239556616,2.5711097474208784e-5,-0.8968102816183763,-0.32766512944090637,10 °C
10,22.49162011173184,-0.62104912880967,0.14719091425497052,1771,-4.219344189505214,2.574081171811565e-5,-0.9097353157466396,-0.3323629418727005,10 °C
10,22.83240223463687,-0.629860552089698,0.14929256435519486,1771,-4.218968002928413,2.5783362719464612e-5,-0.9226687146036281,-0.3370523895757681,10 °C
10,23.1731843575419,-0.6386719753697263,0.15139830172590726,1771,-4.2184883719896895,2.583771157260471e-5,-0.935610129842186,-0.3417338208972668,10 °C
10,23.513966480446925,-0.647483398649755,0.15350795816644386,1771,-4.217914213592165,2.5902915113731012e-5,-0.9485592315696121,-0.34640756572989795,10 °C
10,23.854748603351954,-0.6562948219297833,0.15562137429214357,1771,-4.217253734681328,2.5978115252611726e-5,-0.9615157071840696,-0.3510739366754969,10 °C
10,24.19553072625698,-0.6651062452098113,0.1577383989836435,1771,-4.216514491685558,2.606252968823474e-5,-0.9744792602944884,-0.35573323012513436,10 °C
10,24.53631284916201,-0.6739176684898398,0.15985888887538832,1771,-4.215703444649648,2.6155443806400294e-5,-0.987449609717375,-0.3603857272623046,10 °C
10,24.877094972067038,-0.6827290917698683,0.1619827078802775,1771,-4.214827006562194,2.6256203589716396e-5,-1.0004264885445011,-0.3650316949952356,10 °C
10,25.217877094972064,-0.6915405150498963,0.16410972674763624,1771,-4.213891088328541,2.6364209397257783e-5,-1.0134096432759496,-0.36967138682384315,10 °C
10,25.558659217877093,-0.700351938329925,0.16623982265192433,1771,-4.212901139796891,2.6478910493327136e-5,-1.0263988330134497,-0.3743050436464003,10 °C
10,25.899441340782122,-0.7091633616099533,0.1683728788098179,1771,-4.211862187205186,2.6599800223218842e-5,-1.0393938287093545,-0.37893289451055223,10 °C
10,26.240223463687148,-0.7179747848899816,0.1705087841234901,1771,-4.2107788673807685,2.6726411749238696e-5,-1.052394412467008,-0.3835551573129553,10 °C
10,26.581005586592177,-0.7267862081700103,0.17264743284810008,1771,-4.209655458992295,2.6858314273119467e-5,-1.0654003768885896,-0.3881720394514311,10 °C
10,26.921787709497206,-0.7355976314500385,0.1747887242816609,1771,-4.208495911124506,2.6995109681732997e-5,-1.078411524466849,-0.3927837384332281,10 °C
10,27.26256983240223,-0.7444090547300664,0.17693256247560696,1771,-4.2073038694202785,2.713642956207576e-5,-1.091427667017443,-0.39739044244268973,10 °C
10,27.60335195530726,-0.7532204780100953,0.179078855964521,1771,-4.2060827000107865,2.7281932539161927e-5,-1.1044486251488483,-0.4019923308713424,10 °C
10,27.94413407821229,-0.7620319012901235,0.18122751751359872,1771,-4.204835511433539,2.7431301896906903e-5,-1.117474227767058,-0.4065895748131892,10 °C
10,28.284916201117316,-0.7708433245701518,0.1833784638825526,1771,-4.203565174718933,2.758424344758037e-5,-1.130504311612531,-0.41118233752777267,10 °C
10,28.625698324022345,-0.7796547478501803,0.18553161560475506,1771,-4.202274341808719,2.774048362007324e-5,-1.143538720827022,-0.41577077487333874,10 °C
10,28.96648044692737,-0.7884661711302086,0.18768689678051423,1771,-4.20096546245453,2.789976774116965e-5,-1.1565773065481308,-0.42035503571228633,10 °C
10,29.3072625698324,-0.7972775944102373,0.18984423488347293,1771,-4.199640799730417,2.8061858487438345e-5,-1.1696199265295957,-0.424935262290879,10 °C
10,29.64804469273743,-0.8060890176902655,0.19200356057918805,1771,-4.198302444281028,2.8226534488232875e-5,-1.1826664447854673,-0.42951159059506394,10 °C
10,29.988826815642454,-0.8149004409702933,0.1941648075550346,1771,-4.196952327415542,2.839358906280296e-5,-1.195716731256503,-0.43408415068408385,10 °C
10,30.329608938547484,-0.8237118642503223,0.1963279123606325,1771,-4.195592233147447,2.8562829076641726e-5,-1.2087706614971951,-0.4386530670034496,10 °C
10,30.670391061452513,-0.8325232875303508,0.1984928142580676,1771,-4.1942238092707855,2.873407390406786e-5,-1.2218281163820042,-0.44321845867869747,10 °C
10,31.01117318435754,-0.8413347108103784,0.20065945508122518,1771,-4.192848577555508,2.890715448559656e-5,-1.2348889818294733,-0.44778043979128357,10 °C
10,31.351955307262568,-0.8501461340904073,0.20282777910361202,1771,-4.191467943136728,2.9081912470071982e-5,-1.2479531485429887,-0.4523391196378261,10 °C
10,31.692737430167597,-0.8589575573704353,0.20499773291408874,1771,-4.190083203166011,2.9258199432717116e-5,-1.2610205117670457,-0.45689460297382517,10 °C
10,32.03351955307262,-0.8677689806504638,0.20716926529997487,1771,-4.188695554786857,2.9435876161271748e-5,-1.2740909710579904,-0.4614469902429374,10 °C
10,32.37430167597765,-0.8765804039304923,0.20934232713703538,1771,-4.187306102490602,2.9614812003347955e-5,-1.2871644300682443,-0.46599637779274033,10 °C
10,32.71508379888268,-0.8853918272105203,0.2115168712858877,1771,-4.1859158649043104,2.979488426886597e-5,-1.300240796343129,-0.4705428580779118,10 °C
10,33.055865921787706,-0.8942032504905493,0.21369285249440356,1771,-4.1845257810575,2.9975977682154978e-5,-1.3133199811294476,-0.47508651985165107,10 °C
10,33.39664804469273,-0.9030146737705769,0.2158702273057171,1771,-4.183136716170315,3.015798387891375e-5,-1.326401899195056,-0.479627448346098,10 °C
10,33.737430167597765,-0.9118260970506054,0.2180489539714694,1771,-4.181749467002319,3.034080094371839e-5,-1.3394864686587162,-0.4841657254424945,10 °C
10,34.07821229050279,-0.9206375203306343,0.22022899236995322,1771,-4.180364766797347,3.052433298427623e-5,-1.3525736108295479,-0.4887014298317209,10 °C
10,34.418994413407816,-0.9294489436106623,0.22241030392884414,1771,-4.178983289857027,3.070848973899813e-5,-1.3656632500554795,-0.49323463716584526,10 °C
10,34.75977653631285,-0.9382603668906908,0.2245928515522247,1771,-4.177605655772694,3.089318621483721e-5,-1.378755313580127,-0.4977654202012548,10 °C
10,35.100558659217874,-0.9470717901707193,0.2267765995516323,1771,-4.176232433342801,3.1078342352666876e-5,-1.391849731407551,-0.5022938489338877,10 °C
10,35.4413407821229,-0.9558832134507473,0.22896151358087688,1771,-4.1748641442008,3.1263882717734664e-5,-1.404946436174418,-0.506819990727077,10 °C
10,35.78212290502793,-0.9646946367307758,0.2311475605743953,1771,-4.173501266176188,3.144973621299417e-5,-1.4180453630290941,-0.5113439104324575,10 °C
10,36.12290502793296,-0.9735060600108043,0.2333347086889225,1771,-4.172144236409614,3.163583581332992e-5,-1.4311464495172437,-0.515865670504365,10 °C
10,36.463687150837984,-0.9823174832908323,0.2355229272482784,1771,-4.170793454241142,3.182211831889095e-5,-1.4442496354735392,-0.5203853311081257,10 °C
10,36.80446927374302,-0.9911289065708608,0.23771218669107885,1771,-4.169449283889226,3.200852412591644e-5,-1.4573548629191089,-0.5249029502226129,10 °C
10,37.14525139664804,-0.9999403298508893,0.23990245852119502,1771,-4.168112056936449,3.21949970136047e-5,-1.4704620759643696,-0.529418583737409,10 °C
10,37.48603351955307,-1.0087517531309174,0.24209371526079737,1771,-4.166782074636806,3.238148394570305e-5,-1.4835712207169334,-0.5339322855449015,10 °C
10,37.8268156424581,-1.0175631764109463,0.24428593040582863,1771,-4.165459610058113,3.256793488562461e-5,-1.4966822451942772,-0.5384441076276154,10 °C
10,38.167597765363126,-1.0263745996909743,0.2464790783837638,1771,-4.164144910071947,3.275430262401788e-5,-1.5097950992408937,-0.5429541001410549,10 °C
10,38.50837988826815,-1.0351860229710024,0.24867313451352294,1771,-4.162838197202635,3.294054261779676e-5,-1.5229097344496736,-0.5474623114923314,10 °C
10,38.849162011173185,-1.0439974462510313,0.2508680749674116,1771,-4.161539671345783,3.312661283974435e-5,-1.5360261040872554,-0.5519687884148073,10 °C
10,39.18994413407821,-1.0528088695310593,0.25306387673496955,1771,-4.160249511366065,3.331247363787494e-5,-1.5491441630231209,-0.556473576038998,10 °C
10,39.530726256983236,-1.0616202928110878,0.2552605175886233,1771,-4.15896787658321,3.34980876038127e-5,-1.5622638676622336,-0.5609767179599422,10 °C
10,39.87150837988826,-1.0704317160911159,0.2574579760510339,1771,-4.15769490815438,3.368341944951133e-5,-1.5753851758809936,-0.5654782563012382,10 °C
10,40.212290502793294,-1.0792431393711448,0.2596562313640492,1771,-4.156430730360557,3.3868435891697216e-5,-1.5885080469663473,-0.5699782317759424,10 °C
10,40.55307262569832,-1.0880545626511728,0.26185526345916643,1771,-4.155175451803906,3.4053105543470286e-5,-1.6016324415578498,-0.5744766837444959,10 °C
10,40.893854748603346,-1.0968659859312009,0.2640550529294245,1771,-4.153929166522583,3.423739881254347e-5,-1.6147583215925445,-0.5789736502698574,10 °C
10,41.23463687150838,-1.1056774092112298,0.2662555810026446,1771,-4.1526919550289065,3.442128780565198e-5,-1.627885650252475,-0.5834691681699846,10 °C
10,41.575418994413404,-1.1144888324912579,0.26845682951594557,1771,-4.151463885276423,3.4604746238691604e-5,-1.6410143919147013,-0.5879632730678146,10 °C
10,41.91620111731843,-1.1233002557712863,0.27065878089146495,1771,-4.150245013560943,3.4787749352186745e-5,-1.6541445121036853,-0.5924559994388874,10 °C
10,42.25698324022346,-1.1321116790513148,0.2728614181132201,1771,-4.149035385360199,3.497027383172671e-5,-1.6672759774459056,-0.596947380656724,10 °C
10,42.59776536312849,-1.1409231023313429,0.2750647247050483,1771,-4.147835036116514,3.515229773302346e-5,-1.6804087556265912,-0.6014374490360948,10 °C
10,42.938547486033514,-1.1497345256113713,0.2772686847095672,1771,-4.146643991966466,3.533380041128486e-5,-1.6935428153484589,-0.6059262358742841,10 °C
10,43.279329608938546,-1.1585459488913998,0.27947328266810356,1771,-4.1454622704212625,3.5514762454616796e-5,-1.7066781262923443,-0.6104137714904556,10 °C
10,43.62011173184357,-1.1673573721714283,0.28167850360153673,1771,-4.14428988100127,3.569516562118249e-5,-1.7198146590796322,-0.6149000852632245,10 °C
10,43.9608938547486,-1.1761687954514568,0.28388433299201127,1771,-4.143126825827881,3.587499277988218e-5,-1.7329523852363895,-0.6193852056665243,10 °C
10,44.30167597765363,-1.1849802187314848,0.28609075676547174,1771,-4.141973100175671,3.6054227854319584e-5,-1.7460912771591084,-0.6238691603038615,10 °C
10,44.642458100558656,-1.1937916420115133,0.2882977612749784,1771,-4.140828692987577,3.623285576984789e-5,-1.759231308081987,-0.6283519759410399,10 °C
10,44.98324022346368,-1.2026030652915423,0.2905053332847633,1771,-4.139693587355621,3.641086240350369e-5,-1.7723724520456556,-0.6328336785374291,10 °C
10,45.324022346368714,-1.2114144885715703,0.2927134599549897,1771,-4.138567760969545,3.6588234536646326e-5,-1.7855146838672846,-0.6373142932758561,10 °C
10,45.66480446927374,-1.2202259118515983,0.29492212882717755,1771,-4.137451186535557,3.6764959810130635e-5,-1.7986579791120034,-0.6417938445911935,10 °C
10,46.005586592178766,-1.2290373351316273,0.2971313278102633,1771,-4.136343832167181,3.6941026681864764e-5,-1.8118023140655564,-0.6462723561976983,10 °C
10,46.3463687150838,-1.2378487584116549,0.2993410451672621,1771,-4.135245661750078,3.711642438661141e-5,-1.8249476657081418,-0.6507498511151681,10 °C
10,46.687150837988824,-1.2466601816916834,0.301551269502502,1771,-4.134156635282677,3.729114289788238e-5,-1.83809401168938,-0.6552263516939868,10 °C
10,47.02793296089385,-1.2554716049717123,0.30376198974940116,1771,-4.133076709194118,3.7465172891821764e-5,-1.8512413303043354,-0.6597018796390893,10 °C
10,47.36871508379888,-1.2642830282517399,0.3059731951587637,1771,-4.132005836641106,3.763850571294572e-5,-1.864389600470561,-0.6641764560329192,10 °C
10,47.70949720670391,-1.2730944515317688,0.3081848752875674,1771,-4.130943967785064,3.781113334163606e-5,-1.8775388017061134,-0.6686501013574243,10 °C
10,48.050279329608934,-1.2819058748117973,0.310397019988219,1771,-4.12989105005084,3.7983048363290944e-5,-1.8906889141084724,-0.6731228355151222,10 °C
10,48.39106145251396,-1.290717298091825,0.3126096193982574,1771,-4.128847028368251,3.815424393902934e-5,-1.903839918334349,-0.6775946778493007,10 °C
10,48.73184357541899,-1.2995287213718538,0.3148226639304781,1771,-4.127811845397596,3.8324713777860406e-5,-1.9169917955803193,-0.6820656471633885,10 °C
10,49.07262569832402,-1.3083401446518819,0.3170361442634656,1771,-4.126785441740093,3.84944521102506e-5,-1.9301445275642477,-0.6865357617395162,10 °C
10,49.41340782122904,-1.31715156793191,0.3192500513325098,1771,-4.1257677561343655,3.866345366299016e-5,-1.943298096507479,-0.6910050393563408,10 °C
10,49.754189944134076,-1.3259629912119388,0.3214643763208893,1771,-4.124758725639782,3.883171363529998e-5,-1.9564524851177403,-0.6954734973061375,10 °C
10,50.0949720670391,-1.3347744144919673,0.3236791106515055,1771,-4.1237582858075585,3.89992276761073e-5,-1.9696076765727288,-0.699941152411206,10 °C
10,50.43575418994413,-1.343585837771995,0.3258942459788506,1771,-4.122766370840401,3.916599186242636e-5,-1.9827636545043625,-0.7044080210396273,10 °C
10,50.77653631284916,-1.3523972610520243,0.32810977418129533,1771,-4.121782913741437,3.933200267878286e-5,-1.995920402983658,-0.7088741191203909,10 °C
10,51.117318435754186,-1.3612086843320523,0.330325687353679,1771,-4.120807846453095,3.949725699763279e-5,-2.0090779065061843,-0.7133394621579202,10 °C
10,51.45810055865921,-1.37002010761208,0.332541977800192,1771,-4.119841099986652,3.966175206071265e-5,-2.0222361499781187,-0.7178040652460413,10 °C
10,51.798882681564244,-1.3788315308921089,0.3347586380275336,1771,-4.118882604542982,3.982548546127747e-5,-2.035395118702818,-0.7222679430813999,10 °C
10,52.13966480446927,-1.3876429541721373,0.3369756607383358,1771,-4.117932289625074,3.998845512718671e-5,-2.0485547983679213,-0.7267311099763537,10 °C
10,52.480446927374295,-1.3964543774521654,0.33919303882484025,1771,-4.116990084142901,4.0150659304778124e-5,-2.0617151750329503,-0.7311935798713806,10 °C
10,52.82122905027933,-1.4052658007321939,0.34141076536281667,1771,-4.116055916511069,4.031209654350399e-5,-2.074876235117383,-0.7356553663470048,10 °C
10,53.162011173184354,-1.4140772240122228,0.34362883360571167,1771,-4.1151297147397425,4.0472765681281977e-5,-2.0880379653891747,-0.740116482635271,10 °C
10,53.50279329608938,-1.42288864729225,0.34584723697901987,1771,-4.11421140651925,4.063266583052859e-5,-2.1012003529537164,-0.7445769416307834,10 °C
10,53.84357541899441,-1.4317000705722793,0.34806596907486664,1771,-4.1133009192988075,4.0791796364836e-5,-2.1143633852432204,-0.7490367559013386,10 °C
10,54.18435754189944,-1.4405114938523074,0.35028502364679004,1771,-4.112398180359682,4.095015690626674e-5,-2.127527050006469,-0.7534959376981463,10 °C
10,54.52513966480446,-1.449322917132335,0.352504394604722,1771,-4.111503116883186,4.110774731323054e-5,-2.1406913352989854,-0.7579544989656846,10 °C
10,54.865921787709496,-1.458134340412364,0.35472407601014894,1771,-4.110615656013846,4.126456766891178e-5,-2.15385622947354,-0.7624124513511881,10 °C
10,55.20670391061452,-1.4669457636923928,0.35694406207145263,1771,-4.1097357249179884,4.142061827022923e-5,-2.167021721171004,-0.7668698062137818,10 °C
10,55.54748603351955,-1.4757571869724213,0.359164347139422,1771,-4.108863250838078,4.157589961729688e-5,-2.1801877993115553,-0.7713265746332877,10 °C
10,55.88826815642458,-1.4845686102524493,0.3613849257029247,1771,-4.107998161143097,4.173041240335509e-5,-2.193354453086185,-0.775782767418714,10 °C
10,56.229050279329606,-1.4933800335324783,0.36360579238473684,1771,-4.107140383375164,4.188415750516207e-5,-2.206521671948522,-0.7802383951164347,10 °C
10,56.56983240223463,-1.5021914568125059,0.3658269419375222,1771,-4.106289845292635,4.2037135973818845e-5,-2.2196894456069405,-0.7846934680180713,10 °C
10,56.91061452513966,-1.511002880092534,0.3680483692399536,1771,-4.1054464749099795,4.218934902599691e-5,-2.232857764016961,-0.7891479961681069,10 °C
10,57.25139664804469,-1.5198143033725628,0.37027006929297185,1771,-4.104610200534539,4.234079803556515e-5,-2.2460266173739067,-0.793601989371219,10 °C
10,57.592178770949715,-1.5286257266525913,0.3724920372161771,1771,-4.103780950800427,4.249148452558853e-5,-2.259195996105827,-0.7980554571993558,10 °C
10,57.93296089385474,-1.5374371499326194,0.37471426824434706,1771,-4.102958654699728,4.264141016068105e-5,-2.2723658908666704,-0.8025084089985686,10 °C
10,58.273743016759774,-1.5462485732126479,0.37693675772407537,1771,-4.102143241611183,4.2790576739697445e-5,-2.285536292529691,-0.8069608538956047,10 °C
10,58.6145251396648,-1.5550599964926768,0.3791595011105261,1771,-4.101334641326507,4.293898618874927e-5,-2.298707192181083,-0.8114128008042709,10 °C
10,58.955307262569825,-1.563871419772704,0.38138249396430135,1771,-4.100532784074477,4.308664055452923e-5,-2.3118785811138327,-0.8158642584315754,10 °C
10,59.29608938547486,-1.5726828430527333,0.38360573194841724,1771,-4.099737600542968,4.3233541997929384e-5,-2.325050450821799,-0.8203152352836679,10 °C
10,59.63687150837988,-1.5814942663327614,0.3858292108253785,1771,-4.098949021899034,4.337969278793951e-5,-2.3382227929939603,-0.8247657396715629,10 °C
10,59.97765363128491,-1.590305689612789,0.3880529264543573,1771,-4.098166979807174,4.3525095295813715e-5,-2.3513955995088933,-0.829215779716685,10 °C
10,60.31843575418994,-1.5991171128928179,0.3902768747884636,1771,-4.097391406445912,4.366975198948977e-5,-2.3645688624294166,-0.8336653633562193,10 °C
10,60.65921787709497,-1.6079285361728468,0.3925010518721094,1771,-4.096622234522741,4.3813665428260076e-5,-2.377742573997417,-0.8381144983482767,10 °C
10,61,-1.6167399594528744,0.39472545383845914,1771,-4.095859397287622,4.3956838257667744e-5,-2.390916726628852,-0.8425631922768971,10 °C
15,0,0.027532617478287086,0.036637060083111024,1771,0.7514963650421036,0.4524538380384272,-0.04432380945885868,0.09938904441543284,15 °C
15,0.3407821229050279,0.029995573127244976,0.0363355072241598,1771,0.8255168406538895,0.40918941030586964,-0.041269416862510316,0.10126056311700025,15 °C
15,0.6815642458100558,0.032458528776202866,0.03606799157187977,1771,0.8999261495200358,0.36828190134267136,-0.038281781589177666,0.10319883914158338,15 °C
15,1.0223463687150838,0.03492148442516077,0.03583527541278508,1771,0.97450023818434806,0.3299413049813751,-0.035362398714750595,0.10520536756507212,15 °C
15,1.3631284916201116,0.03738444007411865,0.03563804047474922,1771,1.0490038053749562,0.29431949629526677,-0.03251260531510325,0.10728148546334053,15 °C
15,1.7039106145251395,0.03984739572307658,0.03547687853994936,1771,1.123193397023521,0.261507601348158,-0.02973356205522007,0.10942835350137321,15 °C
15,2.0446927374301676,0.042310351372034455,0.03535228295436541,1771,1.1968209076242935,0.23153655110074822,-0.027026236536739523,0.11164693928080842,15 °C
15,2.3854748603351954,0.04477330702099233,0.03526464130430731,1771,1.269637386486719,0.20438063051787425,-0.024391388934394423,0.11393800297637907,15 °C
15,2.7262569832402233,0.04723626266995021,0.03521422950521769,1771,1.3413970242612072,0.17996356786738835,-0.021829560402354883,0.11630208574225528,15 °C
15,3.067039106145251,0.049699218318908056,0.035201207508543934,1771,1.41186117853614,0.15816651236149684,-0.01934106465409756,0.11873950129191366,15 °C
15,3.407821229050279,0.0521621739678661,0.035225616780430444,1771,1.4808022892261958,0.1388371436788231,-0.01692598301735347,0.12125033095308566,15 °C
15,3.748603351955307,0.05462512961682392,0.035287379644182375,1771,1.548007536054881,0.121799149969773,-0.014584163144480078,0.1238344223781279,15 °C
15,4.089385474860335,0.057088085265781796,0.03538630051068229,1771,1.6132821018842658,0.10686139021089047,-0.012315221425681602,0.12649139195724518,15 °C
15,4.4301675977653625,0.05955104091473973,0.035522068951578785,1771,1.676451926150911,0.09382619825373732,-0.01011854901646829,0.12922063084594773,15 °C
15,4.770949720670391,0.06201399656369755,0.03569426450366865,1771,1.7373658604822564,0.08249645969836512,-0.007993321260512193,0.13202131438790726,15 °C
15,5.111731843575418,0.06447695221265548,0.03590236303370226,1771,1.795897171228804,0.07268126967768632,-0.0059385101729673845,0.13489241459827833,15 °C
15,5.4525139664804465,0.0669399078616133,0.03614574444437936,1771,1.8519443682954055,0.06420013656991275,-0.003952899554274164,0.13783271527750074,15 °C
15,5.793296089385475,0.06940286351057123,0.03642370146706347,1771,1.9054313733965105,0.05688581901230941,-0.0020351022353475856,0.14084082925649005,15 °C
15,6.134078212290502,0.07186581915952905,0.03673544926598665,1771,1.956307071112088,0.05058596571766001,-1.8357891434737927e-4,0.14391521723340547,15 °C
15,6.4748603351955305,0.07432877480848699,0.03708013557249678,1771,2.004544310879446,0.045163771157190225,0.0016033419669792548,0.14705420764999472,15 °C
15,6.815642458100558,0.07679173045744503,0.037456851075128375,1771,2.0501384460594796,0.04049787164467477,0.003327443845205405,0.1502560170696846,15 °C
15,7.156424581005586,0.07925468610640285,0.03786463981002196,1771,2.0931055069861206,0.03648169443874026,0.004990601656449184,0.1535187705563565,15 °C
15,7.497206703910614,0.08171764175536067,0.03830250932393066,1771,2.133480108685858,0.03302244600787788,0.006594761903625068,0.15684052160709624,15 °C
15,7.837988826815642,0.08418059740431849,0.038769440415946516,1771,2.171313191554181,0.030039892177370173,0.008141923549952593,0.16021927125868438,15 °C
15,8.17877094972067,0.08664355305327653,0.039264396301359444,1771,2.2066696858975186,0.027465048226357165,0.009634120045839842,0.1636529860607132,15 °C
15,8.519553072625698,0.08910650870223435,0.039786331079197684,1771,2.2396261802793815,0.02523886489280926,0.011073402721458361,0.1671396146830103,15 °C
15,8.860335195530725,0.09156946435119229,0.040334197421860236,1771,2.2702686604485076,0.023310968736905073,0.012461825705034651,0.1706771029973499,15 °C
15,9.201117318435754,0.09403242000015011,0.040906953439194295,1771,2.298690371550734,0.02163849317978942,0.013801432460303603,0.17426340753999658,15 °C
15,9.541899441340782,0.09649537564910804,0.04150356869928139,1771,2.3249898423982707,0.020185019681607005,0.015094243977915228,0.17789650732030082,15 °C
15,9.882681564245809,0.09895833129806597,0.04212302941342494,1771,2.349269097595511,0.018919636360574178,0.016342248606094956,0.181574413990037,15 °C
15,10.223463687150836,0.10142128694702379,0.042764342813158045,1771,2.371632071844157,0.017816113073658105,0.017547393465999386,0.18529518042804818,15 °C
15,10.564245810055866,0.10388424259598183,0.04342654076261536,1771,2.3921832310763453,0.016852186732471394,0.01871157736675587,0.1890569078252078,15 °C
15,10.905027932960893,0.10634719824493954,0.04410868266069188,1771,2.411026397297339,0.016008947638584604,0.019836645113444462,0.19285775137643463,15 °C
15,11.24581005586592,0.10881015389389748,0.04480985769453964,1771,2.4282637681118246,0.015270316234521575,0.02092438308730682,0.1966959247004881,15 °C
15,11.58659217877095,0.11127310954285541,0.045529186509720314,1771,2.4439951177054087,0.014622599358481763,0.02197651597006685,0.20056970311564393,15 °C
15,11.927374301675977,0.11373606519181334,0.04626582236335665,1771,2.458317163338575,0.014054115467078125,0.022994704482250564,0.20447742590137608,15 °C
15,12.268156424581004,0.11619902084077105,0.04701895182548384,1771,2.471323079937147,0.013554879064436337,0.02398054400762223,0.20841749767391987,15 °C
15,12.608938547486032,0.1186619764897292,0.04778779509106295,1771,2.48310214488052,0.013116335548531135,0.024935563981232076,0.21238838899822632,15 °C
15,12.949720670391061,0.12112493213868691,0.04857160596122394,1771,2.4937394953624614,0.01273113872406395,0.025861227926202143,0.21638863635117167,15 °C
15,13.290502793296088,0.12358788778764485,0.04936967154770362,1771,2.5033159815176735,0.012392964252169318,0.026758934033416323,0.22041684154187335,15 °C
15,13.631284916201116,0.126050843436603,0.05018131174942131,1771,2.5119080996932412,0.0120963532620603,0.027630016188112796,0.2244716706850932,15 °C
15,13.972067039106145,0.1285137990855607,0.051005878544985714,1771,2.5195879916511044,0.01183658121344733,0.02847574535749324,0.22855185281362816,15 °C
15,14.312849162011172,0.13097675473451864,0.051842755139824524,1771,2.5264234970009345,0.011609547861745277,0.02929733126346344,0.23265617820557383,15 °C
15,14.6536312849162,0.13343971038347635,0.05269135500173159,1771,2.5324782476953027,0.011411684840956662,0.03009592427421627,0.2367834964927364,15 °C
15,14.994413407821227,0.13590266603243428,0.053551120814021747,1771,2.537811794909244,0.011239877947496552,0.03087261745741586,0.2409327146074527,15 °C
15,15.335195530726256,0.13836562168139221,0.05442152337123741,1771,2.5424797600303948,0.011091401690908227,0.03162844874605146,0.24510279461673296,15 °C
15,15.675977653631284,0.14082857733034992,0.05530206043849606,1771,2.546534002778645,0.010963864084273432,0.032364403175604906,0.24929275148509492,15 °C
15,16.01675977653631,0.14329153297930808,0.05619225559210765,1771,2.5500228006407655,0.01085515998816443,0.03308141515795375,0.2535016508006624,15 °C
15,16.35754189944134,0.145754488628266,0.05709165705602853,1771,2.5529910348411446,0.010763431606653433,0.033780370763436984,0.25772860649309504,15 °C
15,16.698324022346366,0.14821744427722394,0.057999836546031254,1771,2.5554803789764473,0.01068703497076497,0.03446210998779217,0.2619727785666557,15 °C
15,17.039106145251395,0.15068039992618165,0.058916388131132535,1771,2.557529487225292,0.010624511441432729,0.035127428985240405,0.26623337086712284,15 °C
15,17.379888268156424,0.15314335557513958,0.059840927119814306,1771,2.559174179713391,0.010574563427070378,0.035777082252946985,0.27050962889733215,15 °C
15,17.72067039106145,0.15560631122409752,0.060773088976851505,1771,2.560447623180188,0.010536033645921672,0.03641178475545048,0.27480083769274455,15 °C
15,18.06145251396648,0.15806926687305545,0.061712528275111714,1771,2.5613805055658987,0.010507887375184098,0.03703221398050366,0.2791063197656072,15 °C
15,18.40223463687151,0.16053222252201316,0.06265891768546068,1771,2.562001203529612,0.010489197221484217,0.037639011920175686,0.2834254331238506,15 °C
15,18.743016759776534,0.1629951781709711,0.06361194700690258,1771,2.5623359422292853,0.01047913002398956,0.03823278697304329,0.28775756936889885,15 °C
15,19.083798882681563,0.16545813381992902,0.06457132223823003,1771,2.562408946954598,0.01047693556499411,0.038814115764966156,0.29210215187489186,15 °C
15,19.424581005586592,0.16792108946888695,0.06553676469178542,1771,2.5622425864109633,0.010481936815557896,0.03938354488727189,0.296458634050502,15 °C
15,19.765363128491618,0.17038404511784488,0.06650801014936707,1771,2.561857507617319,0.010493521487560236,0.03994159255228047,0.3008264976834093,15 °C
15,20.106145251396647,0.17284700076680282,0.06748480805988052,1771,2.5612727625072664,0.010511134699946006,0.04048875016695444,0.3052052513666511,15 °C
15,20.446927374301673,0.17530995641576053,0.06846692077798047,1771,2.560505926420188,0.010534272597252328,0.0410254838261537,0.3095944290053673,15 °C
15,20.787709497206702,0.17777291206471868,0.06945412284268195,1771,2.559573208740765,0.010562476783782021,0.04155223572749944,0.3139935884019379,15 °C
15,21.12849162011173,0.1802358677136766,0.07044620029471571,1771,2.5584895559966263,0.010595329457901669,0.04206942551024595,0.3184023099171073,15 °C
15,21.469273743016757,0.18269882336263454,0.07144295003125775,1771,2.557268747758877,0.010632449148596507,0.04257745152085474,0.3228201952044143,15 °C
15,21.810055865921786,0.18516177901159203,0.07244417919655861,1771,2.5559234857117126,0.010673486971215953,0.0430766920081542,0.32724686601502984,15 °C
15,22.150837988826815,0.18762473466055019,0.07344970460693603,1771,2.554465476268673,0.010718123331757815,0.043567506251106475,0.33168196306999387,15 °C
15,22.49162011173184,0.1900876903095079,0.07445935220855718,1771,2.5529055071158977,0.010766065019487556,0.04405023562225763,0.33612514499675816,15 °C
15,22.83240223463687,0.19255064595846605,0.0754729565664319,1771,2.551253518059564,0.010817042636481792,0.044525204589981715,0.3405760873269503,15 °C
15,23.1731843575419,0.19501360160742376,0.076490360383043,1771,2.549518666546327,0.010870808320117099,0.044992721662589524,0.34503448155225797,15 °C
15,23.513966480446925,0.19747655725638147,0.07751141404506727,1771,2.547709388214272,0.010927133720793762,0.04545308027734976,0.34950003423541315,15 °C
15,23.854748603351954,0.19993951290533962,0.0785359751966744,1771,2.545833452817506,0.01098580820250924,0.04590655963737844,0.3539724661733008,15 °C
15,24.19553072625698,0.20240246855429733,0.07956390833794022,1771,2.5438980158517586,0.011046637238407233,0.046353425499271406,0.3584515116093232,15 °C
15,24.53631284916201,0.20486542420325504,0.08059508444695897,1771,2.541909666191622,0.01110944097726177,0.04679393091425979,0.3629369174922502,15 °C
15,24.877094972067038,0.2073283798522132,0.0816293806242914,1771,2.5398744700326206,0.011174052960125446,0.04722831692555432,0.367428442778872,15 °C
15,25.217877094972064,0.20979133550117135,0.08266667975845672,1771,2.5377980114135394,0.011240318969167409,0.04765681322441645,0.3719258577779262,15 °C
15,25.558659217877093,0.21225429115012862,0.08370687021121802,1771,2.5356854295775983,0.011308095993094288,0.04807963876740995,0.3764289435328473,15 °C
15,25.899441340782122,0.21471724679908677,0.08474984552149331,1771,2.5335414534134175,0.011377251295610912,0.04849700235712448,0.38093749124104903,15 °C
15,26.240223463687148,0.21718020244804492,0.08579550412676014,1771,2.5313704332008826,0.011447661575110667,0.04890910318858077,0.3854513017075091,15 °C
15,26.581005586592177,0.21964315809700263,0.08684374910090939,1771,2.529176369870732,0.011519212205308793,0.04931613136338209,0.3899701848306231,15 °C
15,26.921787709497206,0.2221061137459608,0.08789448790753131,1771,2.5269629419722626,0.011591796547809778,0.04971826837359644,0.3944939591183251,15 °C
15,27.26256983240223,0.22456906939491894,0.08894763216770533,1771,2.524733530528476,0.01166531532874689,0.05011568755718865,0.39902245123264923,15 °C
15,27.60335195530726,0.2270320250438762,0.09000309744139016,1771,2.522491241945523,0.011739676072567514,0.05050855452678185,0.4035554955609705,15 °C
15,27.94413407821229,0.22949498069283436,0.09106080302158617,1771,2.5202389291299356,0.011814792586901265,0.05089702757337089,0.4080929338122978,15 °C
15,28.284916201117316,0.23195793634179207,0.09212067174047596,1771,2.517979210955693,0.011890584493161993,0.0512812580465338,0.4126346146370503,15 °C
15,28.625698324022345,0.23442089199075022,0.09318262978681038,1771,2.515714490212118,0.011966976798168006,0.05166139071259873,0.41718039326890166,15 °C
15,28.96648044692737,0.23688384763970793,0.0942466065338357,1771,2.5134469701533892,0.012043899502612964,0.052037564092127286,0.4217301311872885,15 °C
15,29.3072625698324,0.23934680328866564,0.09531253437712361,1771,2.5111786697606933,0.012121287242706558,0.05240991077798221,0.42628369579934905,15 °C
15,29.64804469273743,0.2418097589376238,0.09638034858167795,1771,2.508911437819724,0.012199078961706406,0.05277855773519641,0.43084096014005113,15 °C
15,29.988826815642454,0.2442727145865815,0.09744998713776191,1771,2.506646965907353,0.012277217608452025,0.05314362658373825,0.43540180258942474,15 °C
15,30.329608938547484,0.24673567023553922,0.09852139062489336,1771,2.504386800374665,0.012355649860302197,0.05350523386526093,0.4399661066058175,15 °C
15,30.670391061452513,0.24919862588449737,0.099594502083521,1771,2.5021323534055804,0.012434325868191518,0.053863491294783156,0.44453376047421156,15 °C
15,31.01117318435754,0.2516615815334555,0.10066926689389795,1771,2.4998849132247924,0.012513199021739543,0.05421850599825406,0.449104657068657,15 °C
15,31.351955307262568,0.2541245371824128,0.10174563266172168,1771,2.497645653522173,0.012592225732584438,0.05457038073684853,0.453678693627977,15 °C
15,31.692737430167597,0.25658749283137094,0.10282354911012331,1771,2.495415642155743,0.012671365234293162,0.054919214118812204,0.45825577154392966,15 °C
15,32.03351955307262,0.2590504484803291,0.10390296797762116,1771,2.493195849190024,0.012750579397378599,0.055265100799600314,0.46283579616105786,15 °C
15,32.37430167597765,0.2615134041292868,0.10498384292167956,1771,2.4909871543222324,0.012829832558095859,0.05560813167103126,0.4674186765875423,15 °C
15,32.71508379888268,0.26397635977824496,0.10606612942753238,1771,2.488790353744375,0.01290909135982846,0.05594839404011234,0.4720043255163775,15 °C
15,33.055865921787706,0.26643931542720267,0.1071497847219532,1771,2.4866061664855,0.012988324605990857,0.05628597179815964,0.4765926590562457,15 °C
15,33.39664804469273,0.2689022710761608,0.10823476769168268,1771,2.4844352402746894,0.013067503123481344,0.05662094558079023,0.48118359657153137,15 °C
15,33.737430167597765,0.27136522672511854,0.1093210388062282,1771,2.482278156962211,0.01314659963580953,0.0569533929193321,0.48577706053090497,15 °C
15,34.07821229050279,0.27382818237407625,0.11040856004478068,1771,2.480135437533232,0.013225588645105767,0.057283388384165634,0.4903729763639868,15 °C
15,34.418994413407816,0.27629113802303396,0.11149729482700367,1771,2.4780075467455975,0.013304446322298642,0.05761100372046549,0.49497127232560234,15 °C
15,34.75977653631285,0.2787540936719921,0.11258720794746777,1771,2.475894897420819,0.013383150404807741,0.05793630797679544,0.4995718793671887,15 °C
15,35.100558659217874,0.2812170493209498,0.11367826551351701,1771,2.4737978544149364,0.013461680101162795,0.05825936762696973,0.5041747310149298,15 °C
15,35.4413407821229,0.283680004969908,0.11477043488636662,1771,2.471716738293947,0.013540016002008477,0.058580246685581205,0.5087797632542347,15 °C
15,35.78212290502793,0.2861429606188661,0.11586368462524628,1771,2.469651828736306,0.013618139997009952,0.05889900681755045,0.5133869144201817,15 °C
15,36.12290502793296,0.28860591626782384,0.1169579844344117,1771,2.4676033676834583,0.01369603519720799,0.05921570744205343,0.5179961250935943,15 °C
15,36.463687150837984,0.2910688719167811,0.11805330511286154,1771,2.465571562257515,0.013773685862418585,0.05953040583114236,0.5226073380024198,15 °C
15,36.80446927374302,0.29353182756573926,0.11914961850660462,1771,2.463556587463756,0.013851077333303667,0.059843157203365194,0.5272204979281132,15 °C
15,37.14525139664804,0.29599478321469697,0.12024689746333247,1771,2.4615585886942006,0.01392819596777295,0.060154014812662526,0.5318355516167314,15 °C
15,37.48603351955307,0.2984577388636551,0.12134511578936219,1771,2.4595776840473347,0.014005029081400463,0.060463030032820636,0.5364524476944895,15 °C
15,37.8268156424581,0.3009206945126133,0.12244424820872145,1771,2.457613966477678,0.014081564891574262,0.060770252437714695,0.5410711365875118,15 °C
15,38.167597765363126,0.303383650161571,0.12354427032425662,1771,2.455667505788043,0.014157792465111493,0.06107572987758883,0.545691570445553,15 °C
15,38.50837988826815,0.3058466058105296,0.12464515858065142,1771,2.4537383504761805,0.014233701669098445,0.06137950855158972,0.5503137030694694,15 °C
15,38.849162011173185,0.30830956145948685,0.12574689022925079,1771,2.4518265294466026,0.014309283124734914,0.06168163307675234,0.5549374898422212,15 °C
15,39.18994413407821,0.31077251710844456,0.1268494432945903,1771,2.449932053597731,0.014384528163970924,0.06198214655365333,0.5595628876632357,15 °C
15,39.530726256983236,0.3132354727574027,0.12795279654253933,1771,2.4480549172933794,0.014459428788755599,0.062281090628886426,0.564189854885919,15 °C
15,39.87150837988826,0.3156984284063604,0.12905692944996866,1771,2.446195099727263,0.014533977632716185,0.0625785055545543,0.5688183512581665,15 °C
15,40.212290502793294,0.3181613840553186,0.13016182217586178,1771,2.4443525661883436,0.014608167925107904,0.06287443024493067,0.5734483378657065,15 °C
15,40.55307262569832,0.3206243397042763,0.13126745553379127,1771,2.4425272692342253,0.014681993456887605,0.06316890233043904,0.5780797770781134,15 °C
15,40.893854748603346,0.323087295353234,0.13237381096568848,1771,2.4407191497793983,0.014755448548769251,0.0634619582091015,0.5827126324973664,15 °C
15,41.23463687150838,0.32555025100219215,0.13348087051683677,1771,2.438928138104467,0.014828528021136083,0.06375363309558313,0.5873468689088011,15 °C
15,41.575418994413404,0.3280132066511503,0.13458861681202453,1771,2.4371541547921214,0.014901227165689894,0.06404396106796229,0.5919824522343382,15 °C
15,41.91620111731843,0.330476162300108,0.13569703303279762,1771,2.4353971115951576,0.01497354171872693,0.06433297511234665,0.5966193494878693,15 °C
15,42.25698324022346,0.33293911794906617,0.13680610289575207,1771,2.4336569122414797,0.015045467835937326,0.06462070716544882,0.6012575287326835,15 °C
15,42.59776536312849,0.3354020735980243,0.13791581063181546,1771,2.431933453180539,0.01511700206863636,0.0649071881552194,0.6058969590408292,15 °C
15,42.938547486033514,0.33786502924698203,0.13902614096646454,1771,2.430226624275508,0.015188141341335068,0.06519244803964747,0.6105376104543165,15 °C
15,43.279329608938546,0.3403279848959402,0.14013707910083023,1771,2.4285363094450565,0.01525888293056893,0.06547651584382091,0.6151794539480594,15 °C
15,43.62011173184357,0.342790940544897,0.14124861069364986,1771,2.426862387258213,0.015329224444913195,0.06575941969531945,0.6198224613944745,15 °C
15,43.9608938547486,0.3452538961938547,0.14236072184401466,1771,2.4252047314859158,0.01539916380610168,0.06604118685805876,0.6244666055296506,15 °C
15,44.30167597765363,0.3477168518428133,0.1434733990748821,1771,2.4235632116120134,0.01546869923119702,0.06632184376462158,0.629111859921005,15 °C
15,44.642458100558656,0.350179807491771,0.1445866293173076,1771,2.4219376933068397,0.015537829215738819,0.06660141604718461,0.6337581989363574,15 °C
15,44.98324022346368,0.35264276314072873,0.14570039989536515,1771,2.4203280388659154,0.015606552517816133,0.06687992856709801,0.6384055977143595,15 °C
15,45.324022346368714,0.35510571878968733,0.14681469851171897,1771,2.4187341076162228,0.015674868143011046,0.06715740544318144,0.6430540321361932,15 °C
15,45.66480446927374,0.35756867443864504,0.14792951323381479,1771,2.4171557562923787,0.015742775330160573,0.06743387007880425,0.6477034787984858,15 °C
15,46.005586592178766,0.36003163008760186,0.1490448324806617,1771,2.4155928393848565,0.015810273537888216,0.0677093451878148,0.6523539149873888,15 °C
15,46.3463687150838,0.36249458573656046,0.1501606450101766,1771,2.414045209462131,0.01587736243186503,0.06798385281936276,0.6570053186537581,15 °C
15,46.687150837988824,0.36495754138551817,0.15127693990706206,1771,2.4125127174685854,0.015944041872757705,0.06825741438166621,0.66165766838937,15 °C
15,47.02793296089385,0.3674204970344759,0.15239370657119103,1771,2.4109952130000503,0.016010311904817325,0.06853005066480194,0.6663109434041498,15 °C
15,47.36871508379888,0.3698834526834345,0.15351093470647742,1771,2.4094925445583075,0.016076172745082877,0.06880178186252955,0.6709651235043392,15 °C
15,47.70949720670391,0.3723464083323922,0.15462861431020847,1771,2.408004559786126,0.016141624773160352,0.06907262759321192,0.6756201890715724,15 °C
15,48.050279329608934,0.3748093639813499,0.15574673566281474,1771,2.406531105684274,0.016206668521542077,0.06934260691988409,0.6802761210428157,15 °C
15,48.39106145251396,0.3772723196303076,0.1568652893180613,1771,2.405072028811596,0.016271304666443196,0.0696117383694882,0.6849329008911269,15 °C
15,48.73184357541899,0.3797352752792653,0.15798426609363403,1771,2.4036271754695115,0.016335534019119222,0.06988003995133718,0.6895905106071933,15 °C
15,49.07262569832402,0.382198230928223,0.1591036570621114,1771,2.402196391871868,0.016399357517645027,0.07014752917482225,0.6942489326816237,15 °C
15,49.41340782122904,0.3846611865771816,0.1602234535422964,1771,2.400779524301274,0.016462776219125133,0.07041422306641404,0.698908150087949,15 °C
15,49.754189944134076,0.38712414222613933,0.16134364709089635,1771,2.3993764192527816,0.016525791292315215,0.07068013818597785,0.7035681462663008,15 °C
15,50.0949720670391,0.38958709787509704,0.16246422949453151,1771,2.3979869235659064,0.016588404010627642,0.07094529064245231,0.7082289051077417,15 °C
15,50.43575418994413,0.39205005352405564,0.16358519276206082,1771,2.3966108845456646,0.01665061574550659,0.07120969610889849,0.7128904109392127,15 °C
15,50.77653631284916,0.39451300917301246,0.16470652911720932,1771,2.395248150073438,0.016712427960150277,0.07147336983695585,0.7175526485090691,15 °C
15,51.117318435754186,0.3969759648219702,0.16582823099148195,1771,2.393898568708494,0.016773842203557134,0.0717363266707497,0.7222156029731905,15 °C
15,51.45810055865921,0.39943892047092877,0.16695029101735456,1771,2.3925619897805803,0.01683486010488875,0.07199858106023754,0.7268792598816198,15 °C
15,51.798882681564244,0.4019018761198865,0.16807270202172372,1771,2.391238263474457,0.016895483368122067,0.07226014707405692,0.7315436051657159,15 °C
15,52.13966480446927,0.4043648317688442,0.16919545701961275,1771,2.3899272409067764,0.01695571376698261,0.07252103841187418,0.7362086251258142,15 °C
15,52.480446927374295,0.4068277874178028,0.17031854920811382,1771,2.3886287741959107,0.01701555314014112,0.07278126841626315,0.7408743064193424,15 °C
15,52.82122905027933,0.4092907430667605,0.17144197196056382,1771,2.387342716525147,0.01707500338666309,0.07304085008412559,0.7455406360493952,15 °C
15,53.162011173184354,0.4117536987157182,0.1725657188209332,1771,2.386068922199918,0.017134066461688795,0.07329979607770154,0.7502076013537348,15 °C
15,53.50279329608938,0.4142166543646768,0.17368978349843422,1771,2.3848072466991757,0.017192744372346438,0.07355811873514145,0.7548751899942121,15 °C
15,53.84357541899441,0.4166796100136345,0.17481415986232138,1771,2.3835575467216126,0.01725103917387263,0.0738158300807017,0.7595433899465672,15 °C
15,54.18435754189944,0.4191425656625922,0.1759388419368904,1771,2.3823196802269475,0.01730895296593673,0.0740729418345582,0.7642121894906262,15 °C
15,54.52513966480446,0.4216055213115508,0.17706382389666056,1771,2.3810935064726246,0.01736648788915835,0.07432946542225283,0.7688815772008488,15 °C
15,54.865921787709496,0.42406847696050853,0.17818910006173264,1771,2.379878886046298,0.01742364612180618,0.07458541198379504,0.7735515419372219,15 °C
15,55.20670391061452,0.42653143260946536,0.17931466489331332,1771,2.378675680894468,0.01748042987666607,0.07484079238244451,0.7782220728364861,15 °C
15,55.54748603351955,0.42899438825842306,0.18044051298940955,1771,2.3774837543473493,0.017536841398078304,0.07509561721315583,0.7828931593036903,15 °C
15,55.88826815642458,0.43145734390738166,0.18156663908066933,1771,2.3763029711404577,0.017592882959126668,0.07534989681073212,0.7875647910040311,15 °C
15,56.229050279329606,0.4339202995563394,0.18269303802637732,1771,2.3751331974330063,0.01764855685897698,0.07560364125767921,0.7922369578549995,15 °C
15,56.56983240223463,0.4363832552052971,0.18381970481059268,1771,2.3739743008234355,0.017703865420354726,0.07585686039178485,0.7969096500188092,15 °C
15,56.91061452513966,0.4388462108542557,0.18494663453842142,1771,2.372826150362246,0.017758810987155767,0.07610956381342698,0.8015828578950843,15 °C
15,57.25139664804469,0.4413091665032134,0.18607382243242104,1771,2.3716886165623303,0.01781339592218428,0.07636176089262281,0.806256572113804,15 °C
15,57.592178770949715,0.4437721221521711,0.18720126382913244,1771,2.370561571407035,0.017867622605008876,0.07661346077583603,0.810930783528506,15 °C
15,57.93296089385474,0.4462350778011288,0.18832895417573334,1771,2.3694448883560324,0.0179214934299358,0.07686467239253703,0.8156054832097206,15 °C
15,58.273743016759774,0.4486980334500865,0.1894568890268059,1771,2.368338442349283,0.017975010804087786,0.07711540446154325,0.8202806624386296,15 °C
15,58.6145251396648,0.45116098909904423,0.19058506404121542,1771,2.3672421098091787,0.01802817714558577,0.07736566549714141,0.8249563127009469,15 °C
15,58.955307262569825,0.4536239447480028,0.1917134749790985,1771,2.3661557686409838,0.018080994881829796,0.07761546381499501,0.8296324256810106,15 °C
15,59.29608938547486,0.45608690039696054,0.1928421176989546,1771,2.365079298231711,0.01813346644787394,0.07786480753784553,0.8343089932560754,15 °C
15,59.63687150837988,0.45854985604591825,0.19397098815483302,1771,2.36401257944766,0.018185594284885375,0.07811370460103467,0.8389860074908018,15 °C
15,59.97765363128491,0.46101281169487596,0.19510008239361684,1771,2.362955494630581,0.018237380838690833,0.07836216275782809,0.8436634606319238,15 °C
15,60.31843575418994,0.46347576734383367,0.19622939655239818,1771,2.361907927592663,0.018288828558401582,0.07861018958456395,0.8483413451031032,15 °C
15,60.65921787709497,0.4659387229927914,0.19735892685594258,1771,2.3608697636104,0.018339939895115318,0.07885779248562624,0.8530196534999565,15 °C
15,61,0.46840167864175,0.19848866961423575,1771,2.3598408894174776,0.018390717300688742,0.07910497869825706,0.8576983785852428,15 °C
20,0,0.09456042728437172,0.07179862483436579,1771,1.317022819065348,0.18800135796420675,-0.04625853111170419,0.23537938568044758,20 °C
20,0.3407821229050279,0.10829776186231588,0.07111581859497991,1771,1.522836465949935,0.12797815342948327,-0.031182005655961492,0.24777752938059322,20 °C
20,0.6815642458100558,0.12203509644026002,0.07048894644924993,1771,1.7312657173578538,0.08357853893291199,-0.016215183983900247,0.26028537686442027,20 °C
20,1.0223463687150838,0.1357724310182042,0.06991951286571862,1771,1.9418389152532711,0.05231499834635108,-0.0013610168162845049,0.27290587885269285,20 °C
20,1.3631284916201116,0.14950976559614831,0.06940893154340164,1771,2.154042171109627,0.03137141004143282,0.013377723152794008,0.28564180803950256,20 °C
20,1.7039106145251395,0.1632471001740925,0.0689585097531615,1771,2.3673234929008626,0.018024225763794824,0.027998471967248084,0.29849572838093685,20 °C
20,2.0446927374301676,0.17698443475203665,0.06856943304067908,1771,2.5810981206019297,0.009928436163903653,0.042498904411124055,0.3114699650929492,20 °C
20,2.3854748603351954,0.19072176932998078,0.06824275066574116,1771,2.794755010157084,0.005249889753008891,0.056876962566591305,0.32456657609337025,20 °C
20,2.7262569832402233,0.2044591039079249,0.06797936216305578,1771,3.0076643469750106,0.0026697212761338258,0.07113088217227409,0.3377873256435757,20 °C
20,3.067039106145251,0.2181964384858691,0.06778000540372014,1771,3.219185911630117,0.0013088238303038693,0.08525921603834702,0.35113366093339116,20 °C
20,3.407821229050279,0.23193377306381327,0.06764524651240322,1771,3.428678067146767,6.204223873069581e-4,0.09926085382200908,0.3646066923056174,20 °C
20,3.748603351955307,0.24567110764175737,0.06757547195308612,1771,3.6355070936435796,2.8536040842696024e-4,0.11313503754975579,0.3782071777337589,20 °C
20,4.089385474860335,0.2594084422197016,0.0675708830370292,1771,3.8390565663844356,1.2784947650169428e-4,0.1268813723889278,0.3919355120504754,20 °C
20,4.4301675977653625,0.2731457767976456,0.06763149303311648,1771,4.038736460599751,5.603492896094185e-5,0.14049983231520416,0.40579172128008706,20 °C
20,4.770949720670391,0.28688311137558986,0.0677571269766962,1771,4.233991672555095,2.4135029055349935e-5,0.15399076048752572,0.419775462263654,20 °C
20,5.111731843575418,0.300620445953534,0.06794742418331115,1771,4.4243096712909775,1.026404312765152e-5,0.16735486431790303,0.43388602758916495,20 °C
20,5.4525139664804465,0.3143577805314781,0.06820184338359593,1771,4.609227037506852,4.330710478001729e-6,0.1805932054003211,0.44812235566263514,20 °C
20,5.793296089385475,0.32809511510942235,0.06851967031048321,1771,4.788334701885237,1.821597402687505e-6,0.19370718462991787,0.46248304558892683,20 °C
20,6.134078212290502,0.3418324496873665,0.06890002749460368,1771,4.961281760216121,7.67423489230263e-7,0.20669852299122315,0.47696637638350975,20 °C
20,6.4748603351955305,0.3555697842653106,0.06934188596238205,1771,5.127777811786185,3.25283532650977e-7,0.2195692386146319,0.49157032991598926,20 °C
20,6.815642458100558,0.36930711884325484,0.0698440784866255,1771,5.287593835373944,1.39307466995866e-7,0.23232162078796673,0.5062926168985429,20 °C
20,7.156424581005586,0.38304445342119886,0.07040531401275654,1771,5.44056167907718,6.051636239126314e-8,0.24495820166224344,0.5211307051801543,20 °C
20,7.497206703910614,0.3967817879991431,0.0710241928752931,1771,5.5865722922867596,2.6760690546802547e-8,0.2574817264075231,0.5360818495907631,20 °C
20,7.837988826815642,0.4105191225770871,0.07169922242745637,1771,5.725572867856983,1.2084052023154017e-8,0.2698951225584918,0.5511431225956824,20 °C
20,8.17877094972067,0.42425645715503146,0.07242883272965218,1771,5.857563088702683,5.587266899493854e-9,0.282201469244575,0.5663114450654879,20 °C
20,8.519553072625698,0.43799379173297537,0.07321139197707595,1771,5.982590685751756,2.6512556304543264e-9,0.29440396693170584,0.5815836165342448,20 °C
20,8.860335195530725,0.4517311263109196,0.07404522138953476,1771,6.100746514545034,1.293533693359346e-9,0.3065059082188546,0.5969563444029846,20 °C
20,9.201117318435754,0.46546846088886384,0.07492860933443526,1771,6.212159347723894,6.498412086708099e-10,0.31851065013854785,0.6124262716391797,20 °C
20,9.541899441340782,0.47920579546680797,0.07585982450363742,1771,6.3169905625583205,3.365113528018367e-10,0.3304215883130485,0.6279900026205674,20 °C
20,9.882681564245809,0.492943130044752,0.0768371280138447,1771,6.415428879069144,1.7974506620330213e-10,0.3422421332218073,0.6436441268676967,20 °C
20,10.223463687150836,0.5066804646226963,0.07785878434622702,1771,6.507685277611834,9.906879429912858e-11,0.35397568874553265,0.65938524049986,20 °C
20,10.564245810055866,0.5204177992006404,0.07892307108248936,1771,6.593988197148416,5.6346672661929665e-11,0.3656256330707947,0.6752099653304859,20 °C
20,10.905027932960893,0.5341551337785845,0.08002828743059599,1771,6.674579088573237,3.306484555056392e-11,0.3771953019684876,0.6911149655886814,20 °C
20,11.24581005586592,0.5478924683565284,0.08117276156334427,1771,6.749708372666033,2.0010078488638578e-11,0.38868797440065006,0.7070969623124067,20 °C
20,11.58659217877095,0.561629802934473,0.0823548568168754,1771,6.8196318303766255,1.2480998714673019e-11,0.4001068603633013,0.7231527455056446,20 °C
20,11.927374301675977,0.5753671375124167,0.08357297681427649,1771,6.884607434662167,8.017399293532359e-12,0.4114550908374942,0.7392791841873392,20 °C
20,12.268156424581004,0.5891044720903611,0.08482556959215883,1771,6.944892618143023,5.2992103445860255e-12,0.4227357096958443,0.7554732344848778,20 °C
20,12.608938547486032,0.6028418066683052,0.08611113081612509,1771,7.000741959312624,3.600383092519276e-12,0.43395166739601476,0.7717319459405956,20 °C
20,12.949720670391061,0.6165791412462494,0.08742820617508125,1771,7.052405261655551,2.5117715086229358e-12,0.44510581628474544,0.7880524662077533,20 °C
20,13.290502793296088,0.6303164758241933,0.08877539304512386,1771,7.100125994416135,1.7972832903876628e-12,0.4562009073344614,0.8044320443139251,20 °C
20,13.631284916201116,0.6440538104021378,0.09015134151194303,1771,7.144140060487233,1.3175122973365037e-12,0.4672395881380315,0.8208680326662441,20 °C
20,13.972067039106145,0.6577911449800817,0.0915547548369432,1771,7.184674855517792,9.882894670262026e-13,0.4782244019945604,0.8373578879656031,20 °C
20,14.312849162011172,0.6715284795580259,0.09298438944718422,1771,7.221948582449516,7.576936325739658e-13,0.489157787929121,0.8538991711869307,20 °C
20,14.6536312849162,0.6852658141359698,0.0944390545232295,1771,7.256169786911755,5.930289151635429e-13,0.5000420815011068,0.8704895467708327,20 °C
20,14.994413407821227,0.6990031487139143,0.09591761125247253,1771,7.287537080901769,4.73295080310514e-13,0.5108795162686882,0.8871267811591403,20 °C
20,15.335195530726256,0.712740483291858,0.09741897180879298,1771,7.316239024681704,3.8474665430337375e-13,0.5216722257900138,0.9038087407937022,20 °C
20,15.675977653631284,0.7264778178698024,0.0989420981127216,1771,7.3424541396135465,3.1822308172032977e-13,0.5324222460549097,0.920533389684695,20 °C
20,16.01675977653631,0.7402151524477465,0.10048600041983712,1771,7.366351027556863,2.675137259807703e-13,0.543131518253458,0.937298786642035,20 °C
20,16.35754189944134,0.7539524870256911,0.10204973577901429,1771,7.388088575342842,2.2833867809134183e-13,0.5538018917998446,0.9541030822515375,20 °C
20,16.698324022346366,0.7676898216036352,0.10363240639645868,1771,7.407816225619061,1.9770252262286528e-13,0.5644351275409832,0.9709445156662871,20 °C
20,17.039106145251395,0.7814271561815789,0.10523315793626055,1771,7.4256742979706765,1.7347784018178402e-13,0.5750329010896477,0.98782141127351,20 °C
20,17.379888268156424,0.7951644907595232,0.1068511777834862,1771,7.4417943466264305,1.5413254783273598e-13,0.5855968062310795,1.004732175287967,20 °C
20,17.72067039106145,0.8089018253374674,0.10848569329161087,1771,7.456299543232206,1.3854871557679287e-13,0.5961283583603022,1.0216752923146326,20 °C
20,18.06145251396648,0.8226391599154115,0.1101359700323549,1771,7.469305075115268,1.259004375190216e-13,0.606628997914728,1.0386493219160948,20 °C
20,18.40223463687151,0.8363764944933558,0.11180131006270522,1771,7.480918551171388,1.1557037917554583e-13,0.617100093773056,1.0556528952136557,20 °C
20,18.743016759776534,0.8501138290713,0.11348105022103712,1771,7.491240408997429,1.0709200564609962e-13,0.6275429465970941,1.0726847115455058,20 °C
20,19.083798882681563,0.8638511636492441,0.11517456046178343,1771,7.500364318176689,1.0010908797553778e-13,0.6379587920979823,1.0897435352005058,20 °C
20,19.424581005586592,0.877588498227188,0.11688124223597,1771,7.508377575722853,9.434698182598484e-14,0.6483488042124534,1.1068281922419225,20 °C
20,19.765363128491618,0.8913258328051321,0.11860052692313393,1771,7.515361490618068,8.959202439472607e-14,0.6587140981783208,1.1239375674319434,20 °C
20,20.106145251396647,0.9050631673830762,0.12033187431860937,1771,7.52139175516115,8.567659465069168e-14,0.669055733501369,1.1410706012647833,20 °C
20,20.446927374301673,0.9188005019610208,0.12207477117888539,1771,7.526538801491038,8.246816813007639e-14,0.6793747168083518,1.1582262871136897,20 °C
20,20.787709497206702,0.9325378365389647,0.12382872982667588,1771,7.5308681421851444,7.98612191148368e-14,0.6896720045828725,1.1754036684950568,20 °C
20,21.12849162011173,0.9462751711169088,0.12559328681646,1771,7.534440694268795,7.777117303508565e-14,0.6999485057826683,1.1926018364511493,20 °C
20,21.469273743016757,0.960012505694853,0.1273680016605362,1771,7.5373130863236595,7.612984941104767e-14,0.7102050843382041,1.2098199270515018,20 °C
20,21.810055865921786,0.9737498402727971,0.1291524556150525,1771,7.539537948663735,7.488199847314534e-14,0.7204425615336365,1.2270571190119577,20 °C
20,22.150837988826815,0.9874871748507414,0.13094625052501888,1771,7.541164186767379,7.398264737200013e-14,0.7306617182720974,1.2443126314293855,20 °C
20,22.49162011173184,1.001224509428685,0.13274900772693868,1771,7.5422372383240575,7.339505075968015e-14,0.7408632972279657,1.261585721629404,20 °C
20,22.83240223463687,1.01496184400663,0.13456036700743573,1771,7.542799314381654,7.308909619959638e-14,0.7510480048893216,1.2788756831239383,20 °C
20,23.1731843575419,1.0286991785845743,0.136379985616027,1771,7.542889625174476,7.304005451808325e-14,0.7612165134941911,1.2961818436749575,20 °C
20,23.513966480446925,1.0424365131625177,0.13820753733007024,1771,7.542544591276149,7.32275937012888e-14,0.7713694628644758,1.3135035634605594,20 °C
20,23.854748603351954,1.056173847740462,0.140042711569795,1771,7.541798040764744,7.363499557840604e-14,0.7815074621416463,1.3308402333392777,20 °C
20,24.19553072625698,1.0699111823184064,0.1418852125612881,1771,7.54068139311031,7.424852960207811e-14,0.7916310914283773,1.3481912732084356,20 °C
20,24.53631284916201,1.0836485168963508,0.14373475854526643,1771,7.539223830504971,7.505694912400522e-14,0.8017409033403887,1.3655561304523127,20 °C
20,24.877094972067038,1.0973858514742947,0.1455910810294819,1771,7.537452457352633,7.605108378230797e-14,0.8118374244727063,1.382934278475883,20 °C
20,25.217877094972064,1.111123186052239,0.1474539240826213,1771,7.535392448624528,7.722350775163148e-14,0.8219211567845401,1.400325215319938,20 °C
20,25.558659217877093,1.124860520630183,0.14932304366760227,1771,7.533067187768804,7.856826821747386e-14,0.8319925789068914,1.4177284623534745,20 °C
20,25.899441340782122,1.1385978552081273,0.15119820701222955,1771,7.530498394838985,8.00806619243378e-14,0.8420521473768905,1.435143563039364,20 °C
20,26.240223463687148,1.1523351897860712,0.15307919201521913,1771,7.527706245480483,8.175705030208628e-14,0.8521002978027605,1.4525700817693818,20 °C
20,26.581005586592177,1.166072524364015,0.15496578668568997,1771,7.524709481384473,8.359470570921583e-14,0.8621374459631488,1.4700076027648814,20 °C
20,26.921787709497206,1.1798098589419594,0.15685778861427385,1771,7.521525512789221,8.559168289791775e-14,0.872163988844439,1.4874557290394796,20 °C
20,27.26256983240223,1.1935471935199042,0.15875500447409116,1771,7.518170513577046,8.774671102030846e-14,0.8821803056194898,1.5049140814203186,20 °C
20,27.60335195530726,1.2072845280978477,0.16065724954990432,1771,7.514659509484717,9.00591024403563e-14,0.8921867585711063,1.5223822976245889,20 °C
20,27.94413407821229,1.221021862675792,0.16256434729384805,1771,7.511006459913977,9.252867535679689e-14,0.9021836939633949,1.539860031388189,20 °C
20,28.284916201117316,1.2347591972537364,0.1644761289062106,1771,7.507224333798824,9.515568782503292e-14,0.9121714428639711,1.5573469516435017,20 °C
20,28.625698324022345,1.2484965318316803,0.16639243293982187,1771,7.50332517995705,9.794078122694683e-14,0.9221503219198788,1.5748427417434818,20 °C
20,28.96648044692737,1.2622338664096242,0.1683131049266715,1771,7.499320192325714,1.0088493160357121e-13,0.9321206340899055,1.5923470987293427,20 °C
20,29.3072625698324,1.275971200987568,0.1702379970254688,1771,7.495219770452738,1.0398940755836272e-13,0.9420826693358249,1.6098597326393114,20 °C
20,29.64804469273743,1.2897085355655125,0.17216696768890724,1771,7.4910335755922635,1.0725573367239106e-13,0.9520367052749912,1.6273803658560337,20 °C
20,29.988826815642454,1.3034458701434573,0.174099881349489,1771,7.486770582726092,1.1068565856227298e-13,0.9619830077965339,1.6449087324903806,20 °C
20,30.329608938547484,1.3171832047214007,0.17603660812280478,1771,7.482439128811897,1.1428112686317638e-13,0.9719218316433138,1.6624445777994876,20 °C
20,30.670391061452513,1.3309205392993446,0.17797702352725434,1771,7.478046957536265,1.1804425454387716e-13,0.9818534209616423,1.6799876576370467,20 °C
20,31.01117318435754,1.3446578738772899,0.17992100821922608,1771,7.47360126083154,1.2197730706070994e-13,0.9917780098206703,1.6975377379339094,20 °C
20,31.351955307262568,1.3583952084552333,0.1818684477428336,1771,7.469108717395758,1.2608267994028055e-13,1.0016958227032275,1.715094594207239,20 °C
20,31.692737430167597,1.372132543033178,0.1838192322933482,1771,7.464575528437951,1.3036288144782679e-13,1.0116070749698138,1.7326580110965422,20 °C
20,32.03351955307262,1.3858698776111216,0.18577325649351942,1771,7.460007450854299,1.348205170540204e-13,1.0215119732972913,1.7502277819249517,20 °C
20,32.37430167597765,1.3996072121890655,0.18773041918203087,1771,7.45540982802553,1.3945827545865298e-13,1.0314107160937958,1.767803708284335,20 °C
20,32.71508379888268,1.4133445467670107,0.18969062321337415,1771,7.450787618411719,1.4427891596766605e-13,1.0413034938912409,1.7853855996427805,20 °C
20,33.055865921787706,1.4270818813449537,0.1916537752684733,1771,7.446145422107457,1.4928525705149053e-13,1.0511904897167366,1.8029732729731707,20 °C
20,33.39664804469273,1.440819215922899,0.19361978567543592,1771,7.44148750550803,1.5448016593900277e-13,1.0610718794441643,1.8205665524016337,20 °C
20,33.737430167597765,1.4545565505008433,0.19558856823983362,1771,7.436817824226027,1.5986654912316357e-13,1.0709478321270316,1.8381652688746548,20 °C
20,34.07821229050279,1.4682938850787863,0.19756004008396377,1771,7.432140044387295,1.654473436727633e-13,1.0808185103137409,1.8557692598438318,20 °C
20,34.418994413407816,1.4820312196567307,0.19953412149456975,1771,7.4274575624253,1.7122550926017914e-13,1.090684070346255,1.8733783689672063,20 °C
20,34.75977653631285,1.495768554234675,0.20151073577853157,1771,7.422773523484054,1.772040208279034e-13,1.1005446626431261,1.890992445826224,20 °C
20,35.100558659217874,1.509505888812619,0.20348980912606815,1771,7.418090838531545,1.8338586182738e-13,1.1104004319678014,1.9086113456574363,20 °C
20,35.4413407821229,1.5232432233905633,0.2054712704810216,1771,7.413412200277693,1.8977401797311785e-13,1.1202515176830368,1.9262349290980896,20 °C
20,35.78212290502793,1.5369805579685076,0.20745505141781848,1771,7.40874009798392,1.9637147146265624e-13,1.1300980539922096,1.9438630619448056,20 °C
20,36.12290502793296,1.5507178925464515,0.20944108602472752,1771,7.4040768312448835,2.0318119561952356e-13,1.1399401701682876,1.9614956149246154,20 °C
20,36.463687150837984,1.5644552271243959,0.21142931079305896,1771,7.399424522816709,2.1020614992205607e-13,1.1497779907711438,1.9791324634776477,20 °C
20,36.80446927374302,1.5781925617023402,0.21341966451196956,1771,7.394785130560581,2.1744927538568302e-13,1.159611635853874,1.9967734875508065,20 °C
20,37.14525139664804,1.5919298962802841,0.21541208816855736,1771,7.390160458565436,2.2491349027008531e-13,1.169441221158741,2.0144185714018272,20 °C
20,37.48603351955307,1.6056672308582285,0.21740652485295406,1771,7.385552167508514,2.3260168608657235e-13,1.1792668583033215,2.0320676034131355,20 °C
20,37.8268156424581,1.619404565436172,0.21940291966813227,1771,7.3809617843084085,2.405167238834331e-13,1.189088654957394,2.04972047591495,20 °C
20,38.167597765363126,1.6331419000141167,0.22140121964417173,1771,7.376390711120947,2.486614307899895e-13,1.1989067150110992,2.0673770850171342,20 °C
20,38.50837988826815,1.646879234592061,0.22340137365673401,1771,7.371840233724629,2.5703859680195646e-13,1.2087211387348242,2.085037330449298,20 °C
20,38.849162011173185,1.6606165691700046,0.22540333234951876,1771,7.367311529338843,2.6565097179272475e-13,1.2185320229312977,2.102701115408711,20 °C
20,39.18994413407821,1.6743539037479493,0.22740704806048248,1771,7.362805673914859,2.745012627366825e-13,1.2283394610802971,2.1203683464156016,20 °C
20,39.530726256983236,1.6880912383258928,0.22941247475161544,1771,7.358323648936644,2.8359213113223877e-13,1.2381435434763706,2.138038933175415,20 °C
20,39.87150837988826,1.7018285729038376,0.23141956794208585,1771,7.353866347765935,2.929261906130391e-13,1.2479443573599718,2.1557127884477034,20 °C
20,40.212290502793294,1.715565907481781,0.23342828464456866,1771,7.349434581563243,3.0250600473740176e-13,1.2577419870423272,2.173389827921235,20 °C
20,40.55307262569832,1.7293032420597254,0.23543858330459125,1771,7.34502908481442,3.1233408494640245e-13,1.2675365140244093,2.1910699700950413,20 °C
20,40.893854748603346,1.7430405766376702,0.23745042374273234,1771,7.340650520490046,3.2241288868206845e-13,1.2773280171102928,2.2087531361650474,20 °C
20,41.23463687150838,1.7567779112156137,0.23946376709952677,1771,7.336299484863009,3.327448176578488e-13,1.2871165725152158,2.2264392499160115,20 °C
20,41.575418994413404,1.770515245793558,0.2414785757829309,1771,7.331976512007855,3.433322162738037e-13,1.296902253968621,2.244128237618495,20 °C
20,41.91620111731843,1.784252580371502,0.24349481341821627,1771,7.327682078003633,3.5417737016993176e-13,1.3066851328124216,2.261820027930582,20 °C
20,42.25698324022346,1.7979899149494463,0.2455124448001656,1771,7.323416604860568,3.652825049110701e-13,1.3164652780947663,2.279514551804126,20 °C
20,42.59776536312849,1.8117272495273906,0.24753143584744897,1771,7.319180464189361,3.7664978479733305e-13,1.3262427566595163,2.2972117423952647,20 °C
20,42.938547486033514,1.8254645841053345,0.24955175355907303,1771,7.314973980630502,3.8828131179470073e-13,1.3360176332316644,2.3149115349790046,20 °C
20,43.279329608938546,1.8392019186832789,0.25157336597279084,1771,7.310797435059956,4.0017912457993933e-13,1.3457899704989076,2.33261386686765,20 °C
20,43.62011173184357,1.8529392532612228,0.25359624212537984,1771,7.306651067586072,4.12345197695465e-13,1.3555598291895485,2.350318677332897,20 °C
20,43.9608938547486,1.8666765878391667,0.25562035201468575,1771,7.302535080351988,4.2478144080850874e-13,1.3653272681469453,2.3680259075313876,20 °C
20,44.30167597765363,1.8804139224171115,0.2576456665633494,1771,7.298449640156315,4.37489698070681e-13,1.375092344400651,2.385735500433572,20 °C
20,44.642458100558656,1.8941512569950554,0.25967215758412804,1771,7.294394880904366,4.5047174757303976e-13,1.384855113234427,2.4034474007556836,20 °C
20,44.98324022346368,1.9078885915729984,0.2616997977467365,1771,7.290370905901055,4.637293008928037e-13,1.3946156282512812,2.4211615548947156,20 °C
20,45.324022346368714,1.9216259261509432,0.2637285605461278,1771,7.286377789996084,4.772640027273299e-13,1.404373941435682,2.4388779108662044,20 °C
20,45.66480446927374,1.935363260728888,0.26575842027214397,1771,7.2824155815910645,4.910774306115887e-13,1.4141301032130729,2.456596418244703,20 °C
20,46.005586592178766,1.949100595306831,0.2677893519804724,1771,7.278484304517688,5.051710947153884e-13,1.4238841625068424,2.474317028106819,20 °C
20,46.3463687150838,1.9628379298847767,0.26982133146484205,1771,7.274583959795396,5.195464377166325e-13,1.4336361667928608,2.4920396929766926,20 °C
20,46.687150837988824,1.9765752644627206,0.27185433523039887,1771,7.270714527276367,5.342048347473409e-13,1.443386162151684,2.5097643667737572,20 °C
20,47.02793296089385,1.9903125990406636,0.27388834046820454,1771,7.266875967185311,5.491475934084096e-13,1.4531341933185833,2.5274910047627435,20 °C
20,47.36871508379888,2.0040499336186093,0.27592332503080486,1771,7.263068221560723,5.643759538505219e-13,1.4628803037314624,2.545219563505756,20 °C
20,47.70949720670391,2.0177872681965523,0.2779592674088169,1771,7.259291215604017,5.798910889178314e-13,1.472624535576763,2.5629500008163415,20 °C
20,48.050279329608934,2.031524602774496,0.2799961467084864,1771,7.255544858942599,5.956941043509155e-13,1.4823669298335003,2.5806822757154917,20 °C
20,48.39106145251396,2.045261937352441,0.28203394263016895,1771,7.251829046812257,6.117860390465672e-13,1.4921075263154564,2.598416348389425,20 °C
20,48.73184357541899,2.058999271930385,0.28407263544769257,1771,7.248143661164142,6.28167865371165e-13,1.5018463637116573,2.616152180149112,20 °C
20,49.07262569832402,2.0727366065083297,0.2861122059885612,1771,7.244488571701125,6.448404895249782e-13,1.5115834796252057,2.6338897333914537,20 °C
20,49.41340782122904,2.0864739410862736,0.28815263561495846,1771,7.240863636848031,6.618047519546538e-13,1.5213189106105305,2.6516289715620167,20 °C
20,49.754189944134076,2.1002112756642175,0.29019390620551694,1771,7.237268704659967,6.790614278112162e-13,1.5310526922091503,2.6693698591192847,20 °C
20,50.0949720670391,2.1139486102421614,0.29223600013781453,1771,7.233703613672689,6.966112274509409e-13,1.5407848589839994,2.6871123615003234,20 °C
20,50.43575418994413,2.127685944820106,0.2942789002715693,1771,7.230168193698613,7.14454796976889e-13,1.5505154445523885,2.704856445087824,20 °C
20,50.77653631284916,2.141423279398049,0.2963225899324967,1771,7.226662266571957,7.325927188184773e-13,1.5602444816176626,2.7226020771784354,20 °C
20,51.117318435754186,2.155160613975994,0.2983670528968036,1771,7.223185646846204,7.510255123467517e-13,1.5699720019996224,2.7403492259523654,20 °C
20,51.45810055865921,2.168897948553939,0.30041227337628645,1771,7.219738142446827,7.697536345234698e-13,1.5796980366637388,2.758097860444139,20 °C
20,51.798882681564244,2.1826352831318827,0.3024582360040079,1771,7.2163195552822055,7.887774805810553e-13,1.5894226157492524,2.775847950514513,20 °C
20,52.13966480446927,2.1963726177098266,0.30450492582053046,1771,7.212929681815156,8.080973847324584e-13,1.599145768596175,2.793599466823478,20 °C
20,52.480446927374295,2.2101099522877705,0.30655232826067436,1771,7.209568313597739,8.27713620907674e-13,1.6088675237712575,2.8113523808042835,20 °C
20,52.82122905027933,2.2238472868657153,0.30860042914078567,1771,7.206235237771431,8.476264035161289e-13,1.6185879090929638,2.829106664638467,20 °C
20,53.162011173184354,2.2375846214436583,0.31064921464648304,1771,7.202930237535016,8.678358882318386e-13,1.6283069516554978,2.846862291231819,20 °C
20,53.50279329608938,2.251321956021604,0.3126986713208734,1771,7.199653092581985,8.883421728007598e-13,1.6380246778519274,2.8646192341912804,20 °C
20,53.84357541899441,2.265059290599547,0.3147487860532037,1771,7.196403579509506,9.091452978676128e-13,1.647741113396425,2.8823774678026686,20 °C
20,54.18435754189944,2.278796625177492,0.31679954606794225,1771,7.193181472200629,9.302452478209008e-13,1.6574562833457018,2.900136967009282,20 °C
20,54.52513966480446,2.2925339597554366,0.31885093891426136,1771,7.189986542181381,9.516419516546016e-13,1.6671702121196184,2.9178977073912544,20 °C
20,54.865921787709496,2.3062712943333805,0.32090295245591166,1771,7.186818558954316,9.73335283844818e-13,1.6768829235210538,2.935659665145707,20 °C
20,55.20670391061452,2.3200086289113235,0.32295557486146453,1771,7.18367729031003,9.953250652393679e-13,1.6865944407550404,2.9534228170676062,20 °C
20,55.54748603351955,2.3337459634892674,0.32500879459491566,1771,7.180562502617817,1.0176110639602496e-12,1.6963047864471963,2.971187140531338,20 °C
20,55.88826815642458,2.3474832980672122,0.327062600406626,1771,7.1774739610969425,1.0401929963160616e-12,1.7060139826614877,2.9889526134729367,20 °C
20,56.229050279329606,2.3612206326451552,0.3291169813245911,1771,7.174411430069617,1.0630705277239388e-12,1.715722050917353,3.0067192143729575,20 °C
20,56.56983240223463,2.374957967223101,0.3311719266460269,1771,7.171374673196786,1.0862432736396014e-12,1.7254290122062135,3.0244869222399884,20 °C
20,56.91061452513966,2.388695301801045,0.33322742592925136,1771,7.168363453697826,1.1097108004941408e-12,1.7351348870073817,3.042255716594708,20 °C
20,57.25139664804469,2.4024326363789887,0.33528346898585853,1771,7.165377534555149,1.133472626636233e-12,1.7448396953034249,3.0600255774545526,20 °C
20,57.592178770949715,2.4161699709569326,0.3373400458731668,1771,7.162416678704564,1.157528223279101e-12,1.7545434565949682,3.077796485318897,20 °C
20,57.93296089385474,2.4299073055348765,0.33939714688693606,1771,7.15948064921228,1.181877015451144e-12,1.7642461899149804,3.0955684211547725,20 °C
20,58.273743016759774,2.4436446401128213,0.34145476255433604,1771,7.156569209439454,1.2065183829486072e-12,1.773947913842566,3.1133413663830765,20 °C
20,58.6145251396648,2.4573819746907644,0.34351288362715965,1771,7.153682123194965,1.2314516612897135e-12,1.7836486465162715,3.131115302865257,20 °C
20,58.955307262569825,2.47111930926871,0.3455715010752738,1771,7.150819154877128,1.2566761426696026e-12,1.793348405646941,3.1488902128904788,20 °C
20,59.29608938547486,2.484856643846653,0.34763060608029356,1771,7.147980069605023,1.2821910769150833e-12,1.8030472085301066,3.1666660791631993,20 °C
20,59.63687150837988,2.498593978424598,0.34969019002947455,1771,7.1451646333401495,1.307995672437805e-12,1.8127450720579859,3.18444288479121,20 °C
20,59.97765363128491,2.5123313130025426,0.3517502445098094,1771,7.142372612998938,1.3340890971854349e-12,1.8224420127310452,3.20222061327404,20 °C
20,60.31843575418994,2.5260686475804865,0.35381076130232986,1771,7.139603776556618,1.360470479590777e-12,1.8321380466691823,3.2199992484917903,20 °C
20,60.65921787709497,2.5398059821584296,0.35587173237659764,1771,7.1368578931431,1.3871389095168164e-12,1.8418331896225317,3.2377787746943274,20 °C
20,61,2.5535433167363752,0.357933149885381,1771,7.134134733131264,1.4140934391980512e-12,1.8515274569819062,3.255559176490844,20 °C
