model,description,formula,status,error,warning,n,likelihood_method,AIC,BIC,logLik,df,AICc,delta_AICc,weight_AICc
M1,Null (smooth baseline),"butterfly_diff_sqrt ~ s(max_butterflies_t_1, k = 5, bs = ""ts"") + s(lag_duration_hours, k = 5, bs = ""ts"")",success,,,96,ML,660.5009818880736,675.8870710368807,-324.2504909440368,6,661.4448021127927,11.439675935562036,0.0020113749934459095
M2,Null (linear baseline),butterfly_diff_sqrt ~ max_butterflies_t_1 + lag_duration_hours,success,,,96,ML,652.6390521519563,668.0251413007634,-320.31952607597816,6,653.5828723766754,3.577746199444732,0.10249186530974562
M3,Single: temp_min (smooth),"butterfly_diff_sqrt ~ s(max_butterflies_t_1, k = 5, bs = ""ts"") + s(lag_duration_hours, k = 5, bs = ""ts"") + s( temp_min )",success,,,96,ML,663.0281483785986,683.5429339103414,-323.5140741892993,8,664.6833207923918,14.678194615161146,3.9834342245722676e-4
M4,Single: temp_min (linear),butterfly_diff_sqrt ~ max_butterflies_t_1 + lag_duration_hours + s( temp_min ),success,,,96,ML,655.0350402252127,675.5498257569554,-319.51752011260635,8,656.6902126390058,6.6850864617751995,0.02167399817789463
M5,Single: temp_max (smooth),"butterfly_diff_sqrt ~ s(max_butterflies_t_1, k = 5, bs = ""ts"") + s(lag_duration_hours, k = 5, bs = ""ts"") + s( temp_max )",success,,,96,ML,660.4867962997803,681.001581831523,-322.24339814989014,8,662.1419687135734,12.136842536342783,0.0014194014435866653
M6,Single: temp_max (linear),butterfly_diff_sqrt ~ max_butterflies_t_1 + lag_duration_hours + s( temp_max ),success,,,96,ML,652.8957085225408,673.4104940542834,-318.4478542612704,8,654.5508809363339,4.545754759103261,0.06316681933523201
M7,Single: temp_at_max_count_t_1 (smooth),"butterfly_diff_sqrt ~ s(max_butterflies_t_1, k = 5, bs = ""ts"") + s(lag_duration_hours, k = 5, bs = ""ts"") + s( temp_at_max_count_t_1 )",success,,,96,ML,664.3248818726521,684.8396674043947,-324.16244093632605,8,665.9800542864452,15.974928109214602,2.0829341957941098e-4
M8,Single: temp_at_max_count_t_1 (linear),butterfly_diff_sqrt ~ max_butterflies_t_1 + lag_duration_hours + s( temp_at_max_count_t_1 ),success,,,96,ML,656.1419337855525,676.6567193172953,-320.07096689277626,8,657.7971061993456,7.791980022115013,0.012461782005887177
M9,Single: wind_max_gust (smooth),"butterfly_diff_sqrt ~ s(max_butterflies_t_1, k = 5, bs = ""ts"") + s(lag_duration_hours, k = 5, bs = ""ts"") + s( wind_max_gust )",success,,,96,ML,664.350595214659,684.8653807464018,-324.1752976073295,8,666.0057676284522,16.000641451221554,2.0563260089822503e-4
M10,Single: wind_max_gust (linear),butterfly_diff_sqrt ~ max_butterflies_t_1 + lag_duration_hours + s( wind_max_gust ),success,,,96,ML,656.4902283129899,677.0050138447325,-320.24511415649494,8,658.145400726783,8.140274549552373,0.010470054786104539
M11,Single: sum_butterflies_direct_sun (smooth),"butterfly_diff_sqrt ~ s(max_butterflies_t_1, k = 5, bs = ""ts"") + s(lag_duration_hours, k = 5, bs = ""ts"") + s( sum_butterflies_direct_sun )",success,,,96,ML,663.6582994742245,684.1730850059671,-323.82914973711223,8,665.3134718880176,15.308345710786966,2.90684636429456e-4
M12,Single: sum_butterflies_direct_sun (linear),butterfly_diff_sqrt ~ max_butterflies_t_1 + lag_duration_hours + s( sum_butterflies_direct_sun ),success,,,96,ML,656.0227143921113,676.53749992385406,-320.01135719605566,8,657.6778868059044,7.672760628673814,0.0132272119371103
M13,Interaction: temp_min x temp_max (smooth),"butterfly_diff_sqrt ~ s(max_butterflies_t_1, k = 5, bs = ""ts"") + s(lag_duration_hours, k = 5, bs = ""ts"") + ti(temp_min, temp_max)",success,,,96,ML,665.4453841198759,688.5245178430864,-323.72269205993797,9,667.5384073756899,17.533281198459235,9.55616139852003e-5
M14,Interaction: temp_min x temp_max (linear),"butterfly_diff_sqrt ~ max_butterflies_t_1 + lag_duration_hours + ti(temp_min, temp_max)",success,,,96,ML,657.430551594607,680.5096853178175,-319.7152757973035,9,659.5235748504209,9.518448673190278,0.005256325432908395
M15,Interaction: temp_min x temp_at_max_count_t_1 (smooth),"butterfly_diff_sqrt ~ s(max_butterflies_t_1, k = 5, bs = ""ts"") + s(lag_duration_hours, k = 5, bs = ""ts"") + ti(temp_min, temp_at_max_count_t_1)",success,,,96,ML,664.6620435053536,687.7411772285641,-323.3310217526768,9,666.7550667611675,16.749940583936905,1.413786171110966e-4
M16,Interaction: temp_min x temp_at_max_count_t_1 (linear),"butterfly_diff_sqrt ~ max_butterflies_t_1 + lag_duration_hours + ti(temp_min, temp_at_max_count_t_1)",success,,,96,ML,656.8717106045991,679.9508443278096,-319.43585530229956,9,658.964733860413,8.959607683182412,0.0069507717093459384
M17,Interaction: temp_min x wind_max_gust (smooth),"butterfly_diff_sqrt ~ s(max_butterflies_t_1, k = 5, bs = ""ts"") + s(lag_duration_hours, k = 5, bs = ""ts"") + ti(temp_min, wind_max_gust)",success,,,96,ML,665.4633297515911,688.5424634748016,-323.73166487579556,9,667.556353007405,17.551226830174414,9.470799264060714e-5
M18,Interaction: temp_min x wind_max_gust (linear),"butterfly_diff_sqrt ~ max_butterflies_t_1 + lag_duration_hours + ti(temp_min, wind_max_gust)",success,,,96,ML,657.6515151616696,680.7306488848801,-319.8257575808348,9,659.7445384174836,9.739412240252932,0.004706527675186561
M19,Interaction: temp_min x sum_butterflies_direct_sun (smooth),"butterfly_diff_sqrt ~ s(max_butterflies_t_1, k = 5, bs = ""ts"") + s(lag_duration_hours, k = 5, bs = ""ts"") + ti(temp_min, sum_butterflies_direct_sun)",success,,,96,ML,661.6042015976723,684.6833353208827,-321.80210079883614,9,663.6972248534862,13.692098676255569,6.522073110848102e-4
M20,Interaction: temp_min x sum_butterflies_direct_sun (linear),"butterfly_diff_sqrt ~ max_butterflies_t_1 + lag_duration_hours + ti(temp_min, sum_butterflies_direct_sun)",success,,,96,ML,653.8224166359364,676.9015503591469,-317.9112083179682,9,655.9154398917503,5.9103137145197024,0.0319285206641475
M21,Interaction: temp_max x temp_at_max_count_t_1 (smooth),"butterfly_diff_sqrt ~ s(max_butterflies_t_1, k = 5, bs = ""ts"") + s(lag_duration_hours, k = 5, bs = ""ts"") + ti(temp_max, temp_at_max_count_t_1)",success,,,96,ML,665.7984405779023,688.8775743011128,-323.89922028895114,9,667.8914638337162,17.88633765648558,8.009736707494949e-5
M22,Interaction: temp_max x temp_at_max_count_t_1 (linear),"butterfly_diff_sqrt ~ max_butterflies_t_1 + lag_duration_hours + ti(temp_max, temp_at_max_count_t_1)",success,,,96,ML,657.9463823040745,681.025516027285,-319.97319115203726,9,660.0394055598885,10.034279382657814,0.004061355727855223
M23,Interaction: temp_max x wind_max_gust (smooth),"butterfly_diff_sqrt ~ s(max_butterflies_t_1, k = 5, bs = ""ts"") + s(lag_duration_hours, k = 5, bs = ""ts"") + ti(temp_max, wind_max_gust)",success,,,96,ML,663.1088106800918,686.1879444033023,-322.5544053400459,9,665.2018339359057,15.196707758675075,3.0737175150232475e-4
M24,Interaction: temp_max x wind_max_gust (linear),"butterfly_diff_sqrt ~ max_butterflies_t_1 + lag_duration_hours + ti(temp_max, wind_max_gust)",success,,,96,ML,655.7092294365706,678.788363159781,-318.8546147182853,9,657.8022526923845,7.797126515153877,0.01242975599180119
M25,Interaction: temp_max x sum_butterflies_direct_sun (smooth),"butterfly_diff_sqrt ~ s(max_butterflies_t_1, k = 5, bs = ""ts"") + s(lag_duration_hours, k = 5, bs = ""ts"") + ti(temp_max, sum_butterflies_direct_sun)",success,,,96,ML,665.8821743827003,688.9613081059108,-323.94108719135016,9,667.9751976385143,17.970071461283624,7.681316775960154e-5
M26,Interaction: temp_max x sum_butterflies_direct_sun (linear),"butterfly_diff_sqrt ~ max_butterflies_t_1 + lag_duration_hours + ti(temp_max, sum_butterflies_direct_sun)",success,,,96,ML,657.8493030059519,680.9284367291624,-319.92465150297596,9,659.9423262617659,9.93720008453522,0.004263355345531967
M27,Interaction: temp_at_max_count_t_1 x wind_max_gust (smooth),"butterfly_diff_sqrt ~ s(max_butterflies_t_1, k = 5, bs = ""ts"") + s(lag_duration_hours, k = 5, bs = ""ts"") + ti(temp_at_max_count_t_1, wind_max_gust)",success,,,96,ML,666.1256235170591,689.2047572402696,-324.06281175852956,9,668.2186467728731,18.21352059564242,6.800977966788804e-5
M28,Interaction: temp_at_max_count_t_1 x wind_max_gust (linear),"butterfly_diff_sqrt ~ max_butterflies_t_1 + lag_duration_hours + ti(temp_at_max_count_t_1, wind_max_gust)",success,,,96,ML,658.2864205080672,681.3655542312777,-320.1432102540336,9,660.3794437638811,10.374317586650477,0.003426357484380434
M29,Interaction: temp_at_max_count_t_1 x sum_butterflies_direct_sun (smooth),"butterfly_diff_sqrt ~ s(max_butterflies_t_1, k = 5, bs = ""ts"") + s(lag_duration_hours, k = 5, bs = ""ts"") + ti(temp_at_max_count_t_1, sum_butterflies_direct_sun)",success,,,96,ML,663.741556304311,686.8206900275214,-322.8707781521555,9,665.8345795601249,15.829453382894258,2.2400875140287066e-4
M30,Interaction: temp_at_max_count_t_1 x sum_butterflies_direct_sun (linear),"butterfly_diff_sqrt ~ max_butterflies_t_1 + lag_duration_hours + ti(temp_at_max_count_t_1, sum_butterflies_direct_sun)",success,,,96,ML,655.5859373721039,678.6650710953144,-318.79296868605195,9,657.6789606279178,7.673834450687195,0.013220112007619139
M31,Interaction: wind_max_gust x sum_butterflies_direct_sun (smooth),"butterfly_diff_sqrt ~ s(max_butterflies_t_1, k = 5, bs = ""ts"") + s(lag_duration_hours, k = 5, bs = ""ts"") + ti(wind_max_gust, sum_butterflies_direct_sun)",success,,,96,ML,653.2659368230974,676.3450705463079,-317.6329684115487,9,655.3589600789113,5.353833901680673,0.042171286783241585
M32,Interaction: wind_max_gust x sum_butterflies_direct_sun (linear),"butterfly_diff_sqrt ~ max_butterflies_t_1 + lag_duration_hours + ti(wind_max_gust, sum_butterflies_direct_sun)",success,,,96,ML,647.9121029214167,670.9912366446272,-314.95605146070835,9,650.0051261772306,0,0.6131787746468215
M33,Additive + Interaction: temp_min + temp_max + temp_min x temp_max (smooth),"butterfly_diff_sqrt ~ s(max_butterflies_t_1, k = 5, bs = ""ts"") + s(lag_duration_hours, k = 5, bs = ""ts"") + s(temp_min) + s(temp_max) + ti(temp_min, temp_max)",success,,,96,ML,666.3483039771733,699.6848304662551,-320.17415198858663,13,670.7873283674172,20.78220219018658,1.882735218992863e-5
M34,Additive + Interaction: temp_min + temp_max + temp_min x temp_max (linear),"butterfly_diff_sqrt ~ max_butterflies_t_1 + lag_duration_hours + s(temp_min) + s(temp_max) + ti(temp_min, temp_max)",success,,,96,ML,658.3575065884656,691.6940330775475,-316.1787532942328,13,662.7965309787096,12.791404801478961,0.0010232196050044312
M35,Additive + Interaction: temp_min + temp_at_max_count_t_1 + temp_min x temp_at_max_count_t_1 (smooth),"butterfly_diff_sqrt ~ s(max_butterflies_t_1, k = 5, bs = ""ts"") + s(lag_duration_hours, k = 5, bs = ""ts"") + s(temp_min) + s(temp_at_max_count_t_1) + ti(temp_min, temp_at_max_count_t_1)",success,,,96,ML,671.9834468287131,705.319973317795,-322.99172341435656,13,676.4224712189571,26.417345041726435,1.1249507877064055e-6
M36,Additive + Interaction: temp_min + temp_at_max_count_t_1 + temp_min x temp_at_max_count_t_1 (linear),"butterfly_diff_sqrt ~ max_butterflies_t_1 + lag_duration_hours + s(temp_min) + s(temp_at_max_count_t_1) + ti(temp_min, temp_at_max_count_t_1)",success,,,96,ML,663.9049399353571,697.241466424439,-318.95246996767855,13,668.3439643256011,18.338838148370428,6.387913211751009e-5
M37,Additive + Interaction: temp_min + wind_max_gust + temp_min x wind_max_gust (smooth),"butterfly_diff_sqrt ~ s(max_butterflies_t_1, k = 5, bs = ""ts"") + s(lag_duration_hours, k = 5, bs = ""ts"") + s(temp_min) + s(wind_max_gust) + ti(temp_min, wind_max_gust)",success,,,96,ML,671.6564566584894,704.9929831475713,-322.8282283292447,13,676.0954810487334,26.090354871502768,1.324764059857924e-6
M38,Additive + Interaction: temp_min + wind_max_gust + temp_min x wind_max_gust (linear),"butterfly_diff_sqrt ~ max_butterflies_t_1 + lag_duration_hours + s(temp_min) + s(wind_max_gust) + ti(temp_min, wind_max_gust)",convergence_failure,,"nlminb problem, convergence error code = 1
  message = singular convergence (7)",96,ML,NA,NA,NA,NA,NA,NA,NA
M39,Additive + Interaction: temp_min + sum_butterflies_direct_sun + temp_min x sum_butterflies_direct_sun (smooth),"butterfly_diff_sqrt ~ s(max_butterflies_t_1, k = 5, bs = ""ts"") + s(lag_duration_hours, k = 5, bs = ""ts"") + s(temp_min) + s(sum_butterflies_direct_sun) + ti(temp_min, sum_butterflies_direct_sun)",success,,,96,ML,666.9669415623363,700.3034680514181,-320.48347078116814,13,671.4059659525802,21.400839775349596,1.381827406285568e-5
M40,Additive + Interaction: temp_min + sum_butterflies_direct_sun + temp_min x sum_butterflies_direct_sun (linear),"butterfly_diff_sqrt ~ max_butterflies_t_1 + lag_duration_hours + s(temp_min) + s(sum_butterflies_direct_sun) + ti(temp_min, sum_butterflies_direct_sun)",success,,,96,ML,659.0867019074484,692.4232283965302,-316.5433509537242,13,663.5257262976924,13.520600120461722,7.106014691556718e-4
M41,Additive + Interaction: temp_max + temp_at_max_count_t_1 + temp_max x temp_at_max_count_t_1 (smooth),"butterfly_diff_sqrt ~ s(max_butterflies_t_1, k = 5, bs = ""ts"") + s(lag_duration_hours, k = 5, bs = ""ts"") + s(temp_max) + s(temp_at_max_count_t_1) + ti(temp_max, temp_at_max_count_t_1)",success,,,96,ML,669.7320748626067,703.0686013516886,-321.86603743130337,13,674.1710992528507,24.16597307562006,3.4674701806162517e-6
M42,Additive + Interaction: temp_max + temp_at_max_count_t_1 + temp_max x temp_at_max_count_t_1 (linear),"butterfly_diff_sqrt ~ max_butterflies_t_1 + lag_duration_hours + s(temp_max) + s(temp_at_max_count_t_1) + ti(temp_max, temp_at_max_count_t_1)",success,,,96,ML,662.78775218807,696.1242786771519,-318.393876094035,13,667.226776578314,17.221650401083366,1.1167430130999993e-4
M43,Additive + Interaction: temp_max + wind_max_gust + temp_max x wind_max_gust (smooth),"butterfly_diff_sqrt ~ s(max_butterflies_t_1, k = 5, bs = ""ts"") + s(lag_duration_hours, k = 5, bs = ""ts"") + s(temp_max) + s(wind_max_gust) + ti(temp_max, wind_max_gust)",success,,,96,ML,667.9784406313521,701.314967120434,-320.98922031567605,13,672.4174650215961,22.412338844365422,8.333157109521796e-6
M44,Additive + Interaction: temp_max + wind_max_gust + temp_max x wind_max_gust (linear),"butterfly_diff_sqrt ~ max_butterflies_t_1 + lag_duration_hours + s(temp_max) + s(wind_max_gust) + ti(temp_max, wind_max_gust)",success,,,96,ML,660.5761026478733,693.9126291369552,-317.28805132393666,13,665.0151270381173,15.010000860886635,3.3744798531784755e-4
M45,Additive + Interaction: temp_max + sum_butterflies_direct_sun + temp_max x sum_butterflies_direct_sun (smooth),"butterfly_diff_sqrt ~ s(max_butterflies_t_1, k = 5, bs = ""ts"") + s(lag_duration_hours, k = 5, bs = ""ts"") + s(temp_max) + s(sum_butterflies_direct_sun) + ti(temp_max, sum_butterflies_direct_sun)",success,,,96,ML,668.6666247030304,702.0031511921122,-321.3333123515152,13,673.1056490932743,23.1005229160437,5.907072449532718e-6
M46,Additive + Interaction: temp_max + sum_butterflies_direct_sun + temp_max x sum_butterflies_direct_sun (linear),"butterfly_diff_sqrt ~ max_butterflies_t_1 + lag_duration_hours + s(temp_max) + s(sum_butterflies_direct_sun) + ti(temp_max, sum_butterflies_direct_sun)",success,,,96,ML,661.2214619326368,694.5579884217186,-317.6107309663184,13,665.6604863228807,15.655360145650093,2.443817956102492e-4
M47,Additive + Interaction: temp_at_max_count_t_1 + wind_max_gust + temp_at_max_count_t_1 x wind_max_gust (smooth),"butterfly_diff_sqrt ~ s(max_butterflies_t_1, k = 5, bs = ""ts"") + s(lag_duration_hours, k = 5, bs = ""ts"") + s(temp_at_max_count_t_1) + s(wind_max_gust) + ti(temp_at_max_count_t_1, wind_max_gust)",success,,,96,ML,673.6182774062141,706.954803895296,-323.80913870310707,13,678.0573017964581,28.052175619227455,4.96746224335976e-7
M48,Additive + Interaction: temp_at_max_count_t_1 + wind_max_gust + temp_at_max_count_t_1 x wind_max_gust (linear),"butterfly_diff_sqrt ~ max_butterflies_t_1 + lag_duration_hours + s(temp_at_max_count_t_1) + s(wind_max_gust) + ti(temp_at_max_count_t_1, wind_max_gust)",convergence_failure,,"nlminb problem, convergence error code = 1
  message = singular convergence (7)",96,ML,NA,NA,NA,NA,NA,NA,NA
M49,Additive + Interaction: temp_at_max_count_t_1 + sum_butterflies_direct_sun + temp_at_max_count_t_1 x sum_butterflies_direct_sun (smooth),"butterfly_diff_sqrt ~ s(max_butterflies_t_1, k = 5, bs = ""ts"") + s(lag_duration_hours, k = 5, bs = ""ts"") + s(temp_at_max_count_t_1) + s(sum_butterflies_direct_sun) + ti(temp_at_max_count_t_1, sum_butterflies_direct_sun)",success,,,96,ML,671.4115030301955,704.7480295192773,-322.70575151509775,13,675.8505274204394,25.845401243208812,1.497371428207945e-6
M50,Additive + Interaction: temp_at_max_count_t_1 + sum_butterflies_direct_sun + temp_at_max_count_t_1 x sum_butterflies_direct_sun (linear),"butterfly_diff_sqrt ~ max_butterflies_t_1 + lag_duration_hours + s(temp_at_max_count_t_1) + s(sum_butterflies_direct_sun) + ti(temp_at_max_count_t_1, sum_butterflies_direct_sun)",success,,,96,ML,662.9523937060209,696.2889201951027,-318.47619685301044,13,667.3914180962648,17.386291919034193,1.0284940714198886e-4
M51,Additive + Interaction: wind_max_gust + sum_butterflies_direct_sun + wind_max_gust x sum_butterflies_direct_sun (smooth),"butterfly_diff_sqrt ~ s(max_butterflies_t_1, k = 5, bs = ""ts"") + s(lag_duration_hours, k = 5, bs = ""ts"") + s(wind_max_gust) + s(sum_butterflies_direct_sun) + ti(wind_max_gust, sum_butterflies_direct_sun)",success,,,96,ML,661.0509558413806,694.3874823304625,-317.5254779206903,13,665.4899802316246,15.484854054393963,2.6612996617600567e-4
M52,Additive + Interaction: wind_max_gust + sum_butterflies_direct_sun + wind_max_gust x sum_butterflies_direct_sun (linear),"butterfly_diff_sqrt ~ max_butterflies_t_1 + lag_duration_hours + s(wind_max_gust) + s(sum_butterflies_direct_sun) + ti(wind_max_gust, sum_butterflies_direct_sun)",success,,,96,ML,655.8361454146105,689.1726719036924,-314.91807270730527,13,660.2751698048545,10.270043627623863,0.0036097362852810944
M53,Additive: All temperature (smooth),"butterfly_diff_sqrt ~ s(max_butterflies_t_1, k = 5, bs = ""ts"") + s(lag_duration_hours, k = 5, bs = ""ts"") + s(temp_min) + s(temp_max) + s(temp_at_max_count_t_1)",convergence_failure,,"nlminb problem, convergence error code = 1
  message = singular convergence (7)",96,ML,NA,NA,NA,NA,NA,NA,NA
M54,Additive: All temperature (linear),butterfly_diff_sqrt ~ max_butterflies_t_1 + lag_duration_hours + s(temp_min) + s(temp_max) + s(temp_at_max_count_t_1),success,,,96,ML,659.2446548549351,690.0168331525491,-317.62232742746755,12,663.0036909995134,12.998564822282788,9.225387681812947e-4
M55,Additive: temp_min + temp_max (smooth),"butterfly_diff_sqrt ~ s(max_butterflies_t_1, k = 5, bs = ""ts"") + s(lag_duration_hours, k = 5, bs = ""ts"") + s(temp_min) + s(temp_max)",success,,,96,ML,663.3330025176311,688.9764844323095,-321.6665012588156,10,665.9212378117488,15.916111634518188,2.1450992207168757e-4
M56,Additive: temp_min + temp_max (linear),butterfly_diff_sqrt ~ max_butterflies_t_1 + lag_duration_hours + s(temp_min) + s(temp_max),success,,,96,ML,655.593864506528,681.2373464212063,-317.796932253264,10,658.1820998006457,8.176973623415051,0.01027968605960902
M57,Additive: temp_min + wind_max_gust (smooth),"butterfly_diff_sqrt ~ s(max_butterflies_t_1, k = 5, bs = ""ts"") + s(lag_duration_hours, k = 5, bs = ""ts"") + s(temp_min) + s(wind_max_gust)",convergence_failure,,"nlminb problem, convergence error code = 1
  message = iteration limit reached without convergence (10)",96,ML,NA,NA,NA,NA,NA,NA,NA
M58,Additive: temp_min + wind_max_gust (linear),butterfly_diff_sqrt ~ max_butterflies_t_1 + lag_duration_hours + s(temp_min) + s(wind_max_gust),success,,,96,ML,658.523357424415,684.1668393390934,-319.2616787122075,10,661.1115927185327,11.106466541302098,0.0023760115477877894
M59,Additive: temp_max + wind_max_gust (smooth),"butterfly_diff_sqrt ~ s(max_butterflies_t_1, k = 5, bs = ""ts"") + s(lag_duration_hours, k = 5, bs = ""ts"") + s(temp_max) + s(wind_max_gust)",success,,,96,ML,664.4750976414978,690.1185795561761,-322.2375488207489,10,667.0633329356154,17.058206758384813,1.2118380372934421e-4
M60,Additive: temp_max + wind_max_gust (linear),butterfly_diff_sqrt ~ max_butterflies_t_1 + lag_duration_hours + s(temp_max) + s(wind_max_gust),success,,,96,ML,656.895694520845,682.5391764355234,-318.4478472604225,10,659.4839298149627,9.478803637732085,0.005361558584227323
M61,Additive: temp_at_max_count_t_1 + wind_max_gust (smooth),"butterfly_diff_sqrt ~ s(max_butterflies_t_1, k = 5, bs = ""ts"") + s(lag_duration_hours, k = 5, bs = ""ts"") + s(temp_at_max_count_t_1) + s(wind_max_gust)",success,,,96,ML,668.0979803463234,693.7414622610017,-324.0489901731617,10,670.6862156404411,20.68108946321047,1.9803666150891467e-5
M62,Additive: temp_at_max_count_t_1 + wind_max_gust (linear),butterfly_diff_sqrt ~ max_butterflies_t_1 + lag_duration_hours + s(temp_at_max_count_t_1) + s(wind_max_gust),success,,,96,ML,659.9199182048741,685.5634001195524,-319.95995910243704,10,662.5081534989918,12.503027321761124,0.0011819231163026384
M63,Additive: All temp + wind (smooth),"butterfly_diff_sqrt ~ s(max_butterflies_t_1, k = 5, bs = ""ts"") + s(lag_duration_hours, k = 5, bs = ""ts"") + s(temp_min) + s(temp_max) + s(temp_at_max_count_t_1) + s(wind_max_gust)",convergence_failure,,"nlminb problem, convergence error code = 1
  message = singular convergence (7)",96,ML,NA,NA,NA,NA,NA,NA,NA
M64,Additive: All temp + wind (linear),butterfly_diff_sqrt ~ max_butterflies_t_1 + lag_duration_hours + s(temp_min) + s(temp_max) + s(temp_at_max_count_t_1) + s(wind_max_gust),convergence_failure,,"nlminb problem, convergence error code = 1
  message = singular convergence (7)",96,ML,NA,NA,NA,NA,NA,NA,NA
M65,Additive: All predictors (additive) (smooth),"butterfly_diff_sqrt ~ s(max_butterflies_t_1, k = 5, bs = ""ts"") + s(lag_duration_hours, k = 5, bs = ""ts"") + s(temp_min) + s(temp_max) + s(temp_at_max_count_t_1) + s(wind_max_gust) + s(sum_butterflies_direct_sun)",success,,,96,ML,674.0631180008119,715.0926890642972,-321.03155900040593,16,680.9491939501789,30.9440677729483,1.1699523457146083e-7
M66,Additive: All predictors (additive) (linear),butterfly_diff_sqrt ~ max_butterflies_t_1 + lag_duration_hours + s(temp_min) + s(temp_max) + s(temp_at_max_count_t_1) + s(wind_max_gust) + s(sum_butterflies_direct_sun),convergence_failure,,"nlminb problem, convergence error code = 1
  message = singular convergence (7)",96,ML,NA,NA,NA,NA,NA,NA,NA
M67,All temp + all temp interactions (smooth),"butterfly_diff_sqrt ~ s(max_butterflies_t_1, k = 5, bs = ""ts"") + s(lag_duration_hours, k = 5, bs = ""ts"") + s(temp_min) + s(temp_max) + s(temp_at_max_count_t_1) + ti(temp_min, temp_max) + ti(temp_min, temp_at_max_count_t_1) + ti(temp_max, temp_at_max_count_t_1)",success,,,96,ML,676.1560853714184,730.007397392243,-317.0780426857092,21,688.6425718579048,38.637445680674205,2.4978846905936477e-9
M68,All temp + all temp interactions (linear),"butterfly_diff_sqrt ~ max_butterflies_t_1 + lag_duration_hours + s(temp_min) + s(temp_max) + s(temp_at_max_count_t_1) + ti(temp_min, temp_max) + ti(temp_min, temp_at_max_count_t_1) + ti(temp_max, temp_at_max_count_t_1)",success,,,96,ML,668.6667535458527,722.5180655666773,-313.33337677292633,21,681.1532400323391,31.148113855108477,1.0564771995684078e-7
M69,All additive + all temp x wind interactions (smooth),"butterfly_diff_sqrt ~ s(max_butterflies_t_1, k = 5, bs = ""ts"") + s(lag_duration_hours, k = 5, bs = ""ts"") + s(temp_min) + s(temp_max) + s(temp_at_max_count_t_1) + s(wind_max_gust) + s(sum_butterflies_direct_sun) + ti(temp_min, wind_max_gust) + ti(temp_max, wind_max_gust) + ti(temp_at_max_count_t_1, wind_max_gust)",success,,,96,ML,685.2560015569067,749.3647063436026,-317.6280007784533,25,703.8274301283352,53.82230395110457,1.259570001054884e-12
M70,All additive + all temp x wind interactions (linear),"butterfly_diff_sqrt ~ max_butterflies_t_1 + lag_duration_hours + s(temp_min) + s(temp_max) + s(temp_at_max_count_t_1) + s(wind_max_gust) + s(sum_butterflies_direct_sun) + ti(temp_min, wind_max_gust) + ti(temp_max, wind_max_gust) + ti(temp_at_max_count_t_1, wind_max_gust)",success,,,96,ML,678.5571542835762,742.6658590702721,-314.2785771417881,25,697.1285828550048,47.12345667777413,3.5880502079113843e-11
M71,FULL MODEL: All terms + all interactions (smooth),"butterfly_diff_sqrt ~ s(max_butterflies_t_1, k = 5, bs = ""ts"") + s(lag_duration_hours, k = 5, bs = ""ts"") + s(temp_min) + s(temp_max) + s(temp_at_max_count_t_1) + s(wind_max_gust) + s(sum_butterflies_direct_sun) + ti(temp_min, temp_max) + ti(temp_min, temp_at_max_count_t_1) + ti(temp_min, wind_max_gust) + ti(temp_min, sum_butterflies_direct_sun) + ti(temp_max, temp_at_max_count_t_1) + ti(temp_max, wind_max_gust) + ti(temp_max, sum_butterflies_direct_sun) + ti(temp_at_max_count_t_1, wind_max_gust) + ti(temp_at_max_count_t_1, sum_butterflies_direct_sun) + ti(wind_max_gust, sum_butterflies_direct_sun)",success,,,96,ML,704.690094649596,822.6501114571164,-306.345047324798,46,792.9349926087796,142.92986643154893,5.633275198262124e-32
M72,FULL MODEL: All terms + all interactions (linear),"butterfly_diff_sqrt ~ max_butterflies_t_1 + lag_duration_hours + s(temp_min) + s(temp_max) + s(temp_at_max_count_t_1) + s(wind_max_gust) + s(sum_butterflies_direct_sun) + ti(temp_min, temp_max) + ti(temp_min, temp_at_max_count_t_1) + ti(temp_min, wind_max_gust) + ti(temp_min, sum_butterflies_direct_sun) + ti(temp_max, temp_at_max_count_t_1) + ti(temp_max, wind_max_gust) + ti(temp_max, sum_butterflies_direct_sun) + ti(temp_at_max_count_t_1, wind_max_gust) + ti(temp_at_max_count_t_1, sum_butterflies_direct_sun) + ti(wind_max_gust, sum_butterflies_direct_sun)",success,,,96,ML,695.631280538722,813.5912973462424,-301.815640269361,46,783.8761784979056,133.87105232067495,5.2222475941768934e-30
M77,Linear interaction: wind_max_gust x sum_butterflies_direct_sun (with baseline + lag duration),"butterfly_diff_sqrt ~ s(max_butterflies_t_1, k = 5, bs = ""ts"") + s(lag_duration_hours, k = 5, bs = ""ts"") + wind_max_gust + sum_butterflies_direct_sun + wind_max_gust:sum_butterflies_direct_sun",success,,,96,ML,664.6061107872274,687.6852445104379,-323.3030553936137,9,666.6991340430413,16.694007865810704,1.4538826862668018e-4
M78,Linear interaction + temp_min + temp_max (with baseline + lag duration),"butterfly_diff_sqrt ~ s(max_butterflies_t_1, k = 5, bs = ""ts"") + s(lag_duration_hours, k = 5, bs = ""ts"") + temp_min + temp_max + wind_max_gust + sum_butterflies_direct_sun + wind_max_gust:sum_butterflies_direct_sun",success,,,96,ML,663.430688343606,691.6385184497522,-320.715344171803,11,666.5735454864631,16.568419309232468,1.5481055702800469e-4
M79,Linear three-way interaction: wind_max_gust x temp_mean x sum_butterflies_direct_sun,butterfly_diff_sqrt ~ max_butterflies_t_1 + lag_duration_hours + wind_max_gust * temp_mean * sum_butterflies_direct_sun,success,,,96,ML,657.8197456741188,691.1562721632007,-315.9098728370594,13,662.2587700643628,12.25364388713217,0.0013388815332585932
